mtllib mt010131.mtl
v -2.9000322818756104 1.6903448104858398 -0.07932387292385101
v -2.9243016242980957 1.7343347072601318 -0.09068677574396133
v -2.9243016242980957 1.6903448104858398 -0.07932385802268982
v -2.896390676498413 1.7343347072601318 -0.09068679064512253
v -2.9243016242980957 1.7259520292282104 -0.1110171228647232
v -2.891404390335083 1.7259520292282104 -0.1110171228647232
v -2.9243016242980957 1.6689642667770386 -0.12918192148208618
v -2.8891777992248535 1.6689642667770386 -0.12918192148208618
v -2.838526964187622 1.7331395149230957 -0.07259958237409592
v -2.838527202606201 1.7045495510101318 -0.07259957492351532
v -2.8326966762542725 1.6761516332626343 -0.08597768098115921
v -2.8111228942871094 1.6761517524719238 -0.010438648983836174
v -2.861229419708252 1.6956192255020142 -0.05113194137811661
v -2.85158109664917 1.74042546749115 -0.058130763471126556
v -2.834465265274048 1.74042546749115 -0.005453992635011673
v -2.8183300495147705 1.7331395149230957 -0.010438679717481136
v -2.838527202606201 1.7043875455856323 0.03316100686788559
v -2.8326966762542725 1.6597274541854858 0.03316103294491768
v -2.873023748397827 1.6748905181884766 0.04948946833610535
v -2.869544267654419 1.6415163278579712 0.049489475786685944
v -2.9017579555511475 1.610188603401184 0.08686631917953491
v -2.903182029724121 1.6496732234954834 0.08686629682779312
v -2.908480167388916 1.623803734779358 0.06593377888202667
v -2.8464081287384033 1.6956192255020142 -0.005516438744962215
v -2.861229658126831 1.6745141744613647 0.024929923936724663
v -2.85158109664917 1.7102081775665283 0.0297054685652256
v -2.88081431388855 1.680621862411499 0.042931005358695984
v -2.910297155380249 1.655243158340454 0.07460509985685349
v -2.883985996246338 1.6522759199142456 0.03638259321451187
v -2.948570966720581 1.6903448104858398 -0.07932385802268982
v -2.9243016242980957 1.6903448104858398 -0.07932385802268982
v -2.9243016242980957 1.7343347072601318 -0.09068677574396133
v -2.9522128105163574 1.7343347072601318 -0.09068677574396133
v -2.9873738288879395 1.6956191062927246 -0.05113191157579422
v -2.9970223903656006 1.74042546749115 -0.05813072249293327
v -3.002195119857788 1.6956191062927246 -0.005516391713172197
v -3.0141379833221436 1.74042546749115 -0.005453940015286207
v -2.9873738288879395 1.6745140552520752 0.024929961189627647
v -2.9970221519470215 1.7102081775665283 0.029705503955483437
v -2.9646172523498535 1.6522759199142456 0.03638261929154396
v -2.9677889347076416 1.6806217432022095 0.04293103143572807
v -2.9401230812072754 1.623803734779358 0.06593378633260727
v -2.9243016242980957 1.7259520292282104 -0.1110171228647232
v -2.9571988582611084 1.7259520292282104 -0.11101710796356201
v -3.0100760459899902 1.7331393957138062 -0.07259953022003174
v -3.0302734375 1.7331395149230957 -0.010438608936965466
v -3.0100760459899902 1.7043875455856323 0.033161066472530365
v -2.9755795001983643 1.674890398979187 0.049489494413137436
v -2.9383063316345215 1.6552430391311646 0.07460510730743408
v -2.9454212188720703 1.6496732234954834 0.08686631172895432
v -2.946845293045044 1.610188603401184 0.0868663340806961
v -2.9790589809417725 1.6415162086486816 0.04948951303958893
v -3.015906572341919 1.6597273349761963 0.03316108509898186
v -2.9243016242980957 1.6689642667770386 -0.12918192148208618
v -2.959425687789917 1.6689642667770386 -0.129181906580925
v -3.0100760459899902 1.7045495510101318 -0.07259953022003174
v -3.037480592727661 1.6761516332626343 -0.0104385856539011
v -3.015906572341919 1.6761516332626343 -0.08597764372825623
v -2.7177629470825195 1.7445738315582275 -0.10861925780773163
v -2.7575416564941406 1.7216076850891113 -0.09831610321998596
v -2.763695240020752 1.7445738315582275 -0.09831608831882477
v -2.7866618633270264 1.704795241355896 -0.07016735523939133
v -2.788285970687866 1.7445495128631592 -0.07016733288764954
v -2.7575416564941406 1.7675399780273438 -0.09831608086824417
v -2.7407290935516357 1.784352421760559 -0.09831609576940536
v -2.7177629470825195 1.79050612449646 -0.09831608086824417
v -2.6947968006134033 1.784352421760559 -0.09831610321998596
v -2.7179226875305176 1.8162013292312622 -0.07016733288764954
v -2.6779844760894775 1.8134725093841553 -0.07016736268997192
v -2.7179226875305176 1.8285088539123535 -0.03171542286872864
v -2.671830654144287 1.8241310119628906 -0.03171544522047043
v -2.7179226875305176 1.8162014484405518 0.006736459210515022
v -2.6779844760894775 1.8134725093841553 0.00673644756898284
v -2.7973203659057617 1.6986414194107056 -0.03171546384692192
v -2.800593614578247 1.7445495128631592 -0.03171543776988983
v -2.7777292728424072 1.7803033590316772 -0.07016732543706894
v -2.751272439956665 1.8054513931274414 -0.07016732543706894
v -2.7574262619018555 1.8161101341247559 -0.031715426594018936
v -2.751272439956665 1.8054513931274414 0.006736466195434332
v -2.7407290935516357 1.784352421760559 0.03488519415259361
v -2.7177629470825195 1.79050612449646 0.03488519787788391
v -2.6947968006134033 1.7843525409698486 0.03488517180085182
v -2.7177629470825195 1.7445738315582275 0.045188333839178085
v -2.7866618633270264 1.704795241355896 0.006736437790095806
v -2.7882862091064453 1.7445493936538696 0.006736456882208586
v -2.7883880138397217 1.7864570617675781 -0.031715426594018936
v -2.7777292728424072 1.7803033590316772 0.006736459210515022
v -2.7575416564941406 1.7675399780273438 0.03488519415259361
v -2.7575418949127197 1.7216075658798218 0.03488518297672272
v -2.76369571685791 1.7445738315582275 0.03488517925143242
v -2.860253095626831 1.6647346019744873 0.05256524682044983
v -2.863463878631592 1.6675530672073364 0.043065715581178665
v -2.8713467121124268 1.6715391874313354 0.04858536273241043
v -2.8579442501068115 1.6579298973083496 0.050948597490787506
v -2.860198736190796 1.6579298973083496 0.040779393166303635
v -2.860253095626831 1.6511253118515015 0.05256525054574013
v -2.863463878631592 1.6483067274093628 0.04306570813059807
v -2.8658270835876465 1.6483067274093628 0.056468233466148376
v -2.8713467121124268 1.6443204879760742 0.048585351556539536
v -2.871401071548462 1.6511253118515015 0.060371216386556625
v -2.8792295455932617 1.6483067274093628 0.0541049987077713
v -2.8737099170684814 1.6579298973083496 0.061987876892089844
v -2.8824946880340576 1.6579298973083496 0.05639133229851723
v -2.8658270835876465 1.6675530672073364 0.056468237191438675
v -2.8635408878326416 1.6579298973083496 0.059733420610427856
v -2.871401071548462 1.6647344827651978 0.06037121266126633
v -2.8792295455932617 1.6675530672073364 0.0541050024330616
v -2.7974843978881836 1.7084497213363647 -0.07051191478967667
v -2.8156821727752686 1.7249425649642944 -0.07820265740156174
v -2.8156824111938477 1.7116353511810303 -0.06368035823106766
v -2.802814483642578 1.7226899862289429 -0.08303328603506088
v -2.8156821727752686 1.7240833044052124 -0.09788107872009277
v -2.828549861907959 1.7226899862289429 -0.08303327858448029
v -2.8338801860809326 1.7084497213363647 -0.07051191478967667
v -2.8338799476623535 1.7172517776489258 -0.09469546377658844
v -2.8414180278778076 1.700758934020996 -0.08700474351644516
v -2.828549861907959 1.7118136882781982 -0.10635766386985779
v -2.8338799476623535 1.693068265914917 -0.10349757224321365
v -2.8156821727752686 1.7095611095428467 -0.11118829250335693
v -2.8156821727752686 1.6898826360702515 -0.11032913625240326
v -2.7899465560913086 1.700758934020996 -0.08700475096702576
v -2.7974843978881836 1.7172517776489258 -0.09469546377658844
v -2.802814483642578 1.7118136882781982 -0.1063576489686966
v -2.7974843978881836 1.6930681467056274 -0.10349757969379425
v -2.7441325187683105 1.727839708328247 -0.10599680244922638
v -2.7367734909057617 1.7320014238357544 -0.10738120973110199
v -2.739413022994995 1.7313828468322754 -0.11550796777009964
v -2.734104633331299 1.729965329170227 -0.11805932223796844
v -2.740358352661133 1.7249600887298584 -0.12109795212745667
v -2.7446165084838867 1.7284400463104248 -0.11452904343605042
v -2.747032880783081 1.7199493646621704 -0.10764718800783157
v -2.7466673851013184 1.7228606939315796 -0.11569599062204361
v -2.7437756061553955 1.7129524946212769 -0.11136551201343536
v -2.744364023208618 1.7179131507873535 -0.11832528561353683
v -2.7362685203552246 1.7109477519989014 -0.11497368663549423
v -2.739055871963501 1.7164956331253052 -0.12087665498256683
v -2.7289092540740967 1.7151094675064087 -0.11635806411504745
v -2.729266405105591 1.729996681213379 -0.11098939180374146
v -2.7318012714385986 1.7250176668167114 -0.12068857997655869
v -2.7338521480560303 1.7194384336471558 -0.12185554951429367
v -2.726008892059326 1.7229998111724854 -0.11470773071050644
v -2.6994824409484863 1.7191768884658813 0.026285868138074875
v -2.6890451908111572 1.6974025964736938 0.04238342121243477
v -2.71972918510437 1.6806740760803223 0.045196134597063065
v -2.674797296524048 1.7456673383712769 -0.00169893738348037
v -2.6628592014312744 1.7305397987365723 0.025272013619542122
v -2.64559268951416 1.7658072710037231 -0.03117075376212597
v -2.6326606273651123 1.750429391860962 -0.001723933732137084
v -2.6059203147888184 1.792256474494934 -0.03117079846560955
v -2.6326606273651123 1.7504292726516724 -0.06061761826276779
v -2.6628592014312744 1.7305397987365723 -0.08761349320411682
v -2.674797296524048 1.7456674575805664 -0.060642506927251816
v -2.6890451908111572 1.6974025964736938 -0.10472486913204193
v -2.7274272441864014 1.7039427757263184 0.030021915212273598
v -2.704070568084717 1.7284798622131348 0.011618007905781269
v -2.6765289306640625 1.7511357069015503 -0.031170716509222984
v -2.704070568084717 1.7284799814224243 -0.07395941019058228
v -2.6994826793670654 1.7191768884658813 -0.08862728625535965
v -2.71972918510437 1.6806741952896118 -0.10753753036260605
v -2.7274272441864014 1.7039427757263184 -0.09236327558755875
v -2.7568812370300293 1.701236367225647 -0.08372151106595993
v -2.7573773860931396 1.6787309646606445 -0.09685104340314865
v -2.7974398136138916 1.7047169208526611 -0.04853050038218498
v -2.7568812370300293 1.701236367225647 0.021380193531513214
v -2.7588233947753906 1.7129403352737427 0.007430052850395441
v -2.70915150642395 1.7394777536392212 -0.031170692294836044
v -2.7588231563568115 1.7129403352737427 -0.06977134943008423
v -2.7573776245117188 1.6787309646606445 0.03450972959399223
v -2.7974398136138916 1.7047168016433716 -0.013810702599585056
v -2.80379056930542 1.7188032865524292 -0.031170591711997986
v -2.763904094696045 1.723938226699829 -0.03117065317928791
v -2.6890459060668945 1.7008782625198364 0.04238341376185417
v -2.699483633041382 1.7226524353027344 0.026285866275429726
v -2.7197301387786865 1.6841497421264648 0.045196134597063065
v -2.6747982501983643 1.7491428852081299 -0.001698940061032772
v -2.704071521759033 1.7319555282592773 0.011618002317845821
v -2.7274281978607178 1.7074183225631714 0.030021915212273598
v -2.756882429122925 1.7047120332717896 0.02138020284473896
v -2.757378578186035 1.682206630706787 0.03450973331928253
v -2.797440767288208 1.7081924676895142 -0.013810701668262482
v -2.758824348449707 1.7164158821105957 0.007430054247379303
v -2.8037912845611572 1.7222789525985718 -0.031170589849352837
v -2.7639050483703613 1.7274137735366821 -0.03117062896490097
v -2.758824110031128 1.7164158821105957 -0.06977134197950363
v -2.797441005706787 1.7081924676895142 -0.04853050410747528
v -2.662860155105591 1.7340154647827148 0.025272006168961525
v -2.6455938816070557 1.7692826986312866 -0.031170763075351715
v -2.676529884338379 1.7546112537384033 -0.03117072954773903
v -2.7091524600982666 1.7429534196853638 -0.031170688569545746
v -2.6326615810394287 1.753904938697815 -0.0017239266308024526
v -2.6059212684631348 1.7957321405410767 -0.031170785427093506
v -2.6326615810394287 1.753904938697815 -0.06061761826276779
v -2.662860155105591 1.7340154647827148 -0.08761351555585861
v -2.6747984886169434 1.7491428852081299 -0.06064251437783241
v -2.7040717601776123 1.7319555282592773 -0.07395941019058228
v -2.6890461444854736 1.7008782625198364 -0.10472486168146133
v -2.699483633041382 1.722652554512024 -0.08862727135419846
v -2.7274281978607178 1.707418441772461 -0.09236327558755875
v -2.7568821907043457 1.7047120332717896 -0.08372149616479874
v -2.757378578186035 1.6822065114974976 -0.09685104340314865
v -2.7197301387786865 1.6841497421264648 -0.10753753036260605
v -2.699615001678467 1.743204116821289 0.03491467610001564
v -2.681537389755249 1.7221202850341797 0.0534297451376915
v -2.7106471061706543 1.6944009065628052 0.05666487291455269
v -2.6800758838653564 1.7799832820892334 0.0027271423023194075
v -2.662309408187866 1.7667306661605835 0.033748555928468704
v -2.65362548828125 1.8110522031784058 -0.031170736998319626
v -2.6346800327301025 1.797817349433899 0.0026984012220054865
v -2.6174235343933105 1.8522471189498901 -0.031170779839158058
v -2.6346802711486816 1.797817349433899 -0.06503992527723312
v -2.6623096466064453 1.766730546951294 -0.09609003365039825
v -2.6800761222839355 1.7799831628799438 -0.0650685727596283
v -2.681537389755249 1.7221202850341797 -0.11577120423316956
v -2.726126194000244 1.7179604768753052 0.03921179473400116
v -2.707481622695923 1.752173900604248 0.018044011667370796
v -2.6836276054382324 1.7855429649353027 -0.031170710921287537
v -2.707481861114502 1.752173900604248 -0.08038538694381714
v -2.699615240097046 1.743204116821289 -0.09725607931613922
v -2.7106471061706543 1.6944009065628052 -0.11900626868009567
v -2.726126194000244 1.7179604768753052 -0.10155314952135086
v -2.7580437660217285 1.7061855792999268 -0.09161356836557388
v -2.7518954277038574 1.6810346841812134 -0.10671490430831909
v -2.801698684692383 1.688867211341858 -0.05113761126995087
v -2.7580437660217285 1.7061855792999268 0.02927226759493351
v -2.7636852264404297 1.718610405921936 0.013227089308202267
v -2.716400384902954 1.7628799676895142 -0.0311706755310297
v -2.7636852264404297 1.718610405921936 -0.07556837052106857
v -2.7518954277038574 1.6810345649719238 0.044373586773872375
v -2.8016984462738037 1.688867211341858 -0.011203603819012642
v -2.8154633045196533 1.7120081186294556 -0.03117057867348194
v -2.772603988647461 1.7293163537979126 -0.031170621514320374
v -2.682572841644287 1.7259814739227295 0.053429752588272095
v -2.700650691986084 1.7470651865005493 0.03491467982530594
v -2.7116827964782715 1.6982619762420654 0.05666486546397209
v -2.6811118125915527 1.7838443517684937 0.002727141370996833
v -2.70851731300354 1.7560349702835083 0.018044011667370796
v -2.7271621227264404 1.7218215465545654 0.03921179473400116
v -2.7590794563293457 1.710046648979187 0.029272258281707764
v -2.7529311180114746 1.684895634651184 0.04437358304858208
v -2.802734136581421 1.6927282810211182 -0.011203593574464321
v -2.764721155166626 1.7224714756011963 0.013227096758782864
v -2.8165199756622314 1.7157443761825562 -0.03117057867348194
v -2.773639678955078 1.7331774234771729 -0.031170642003417015
v -2.764721155166626 1.7224714756011963 -0.07556837052106857
v -2.802734375 1.6927282810211182 -0.05113760381937027
v -2.6633453369140625 1.7705917358398438 0.0337485671043396
v -2.654661178588867 1.814913272857666 -0.03117075003683567
v -2.6846632957458496 1.789404034614563 -0.03117070160806179
v -2.7174363136291504 1.7667409181594849 -0.03117068111896515
v -2.6357157230377197 1.8016784191131592 0.0026983905117958784
v -2.6184592247009277 1.8561081886291504 -0.03117077611386776
v -2.635715961456299 1.8016784191131592 -0.06503992527723312
v -2.6633453369140625 1.7705916166305542 -0.09609004110097885
v -2.6811118125915527 1.783844232559204 -0.0650685727596283
v -2.708517551422119 1.7560349702835083 -0.08038538694381714
v -2.6825733184814453 1.725981593132019 -0.1157710924744606
v -2.700650930404663 1.7470651865005493 -0.09725607186555862
v -2.7271618843078613 1.7218215465545654 -0.10155314952135086
v -2.7590794563293457 1.710046648979187 -0.09161354601383209
v -2.7529311180114746 1.684895634651184 -0.1067148894071579
v -2.7116827964782715 1.6982619762420654 -0.11900626868009567
v -2.694857597351074 1.779693603515625 0.04377360641956329
v -2.67193865776062 1.7640070915222168 0.06478118151426315
v -2.692882537841797 1.7296979427337646 0.06845179200172424
v -2.6855034828186035 1.8202766180038452 0.007252998184412718
v -2.664912223815918 1.812073826789856 0.04245052486658096
v -2.6679954528808594 1.8571327924728394 -0.03120819292962551
v -2.6462700366973877 1.8492522239685059 0.007220393978059292
v -2.643688917160034 1.9062936305999756 -0.0312082190066576
v -2.646270275115967 1.8492522239685059 -0.06963683664798737
v -2.664912462234497 1.812073826789856 -0.10486696660518646
v -2.6855034828186035 1.8202766180038452 -0.06966938078403473
v -2.671938896179199 1.7640069723129272 -0.12719757854938507
v -2.7139317989349365 1.7484486103057861 0.048649195581674576
v -2.707524299621582 1.7841631174087524 0.024631816893815994
v -2.690868616104126 1.8248285055160522 -0.03120819851756096
v -2.707524538040161 1.7841628789901733 -0.08704815059900284
v -2.6948578357696533 1.7796934843063354 -0.10618998855352402
v -2.692882537841797 1.7296979427337646 -0.13086816668510437
v -2.7139317989349365 1.7484484910964966 -0.11106551438570023
v -2.7417142391204834 1.728813886642456 -0.10722850263118744
v -2.7292659282684326 1.7061113119125366 -0.12622177600860596
v -2.784646511077881 1.696361780166626 -0.09530188888311386
v -2.7417140007019043 1.728813886642456 0.04481219872832298
v -2.7519588470458984 1.7431504726409912 0.024631859734654427
v -2.7189102172851562 1.7921957969665527 -0.031208159402012825
v -2.7519586086273193 1.7431504726409912 -0.08704812079668045
v -2.7292659282684326 1.7061113119125366 0.06380544602870941
v -2.784646511077881 1.696361780166626 0.034671228379011154
v -2.779981851577759 1.7115648984909058 0.03238067403435707
v -2.8046061992645264 1.707657814025879 -0.006343051791191101
v -2.7633442878723145 1.7511833906173706 -0.03120812214910984
v -2.8046061992645264 1.707657814025879 -0.056073110550642014
v -2.779981851577759 1.7115648984909058 -0.0849115177989006
v -2.8078861236572266 1.6791969537734985 0.007410909980535507
v -2.8370487689971924 1.6707583665847778 -0.009479189291596413
v -2.822458028793335 1.7285850048065186 -0.03120805323123932
v -2.811049461364746 1.725252389907837 -0.03120807185769081
v -2.8370490074157715 1.6707582473754883 -0.05293692275881767
v -2.8078861236572266 1.6791969537734985 -0.06982707977294922
v -2.6945979595184326 1.7326102256774902 0.06845179945230484
v -2.673654556274414 1.7669193744659424 0.06478118896484375
v -2.696573257446289 1.7826058864593506 0.04377361387014389
v -2.6872191429138184 1.8231889009475708 0.007252998650074005
v -2.709240198135376 1.7870752811431885 0.02463180013000965
v -2.7156474590301514 1.7513607740402222 0.04864920303225517
v -2.7434301376342773 1.7317261695861816 0.04481220990419388
v -2.7309815883636475 1.7090235948562622 0.0638054609298706
v -2.7863621711730957 1.6992740631103516 0.03467124328017235
v -2.7816975116729736 1.7144771814346313 0.03238068148493767
v -2.806321859359741 1.7105700969696045 -0.0063430448062717915
v -2.8096017837524414 1.6821092367172241 0.007410912774503231
v -2.8387646675109863 1.6736706495285034 -0.009479190222918987
v -2.82417368888855 1.7314972877502441 -0.031208069995045662
v -2.666627883911133 1.8149861097335815 0.04245053976774216
v -2.669711112976074 1.8600449562072754 -0.031208200380206108
v -2.692584276199341 1.8277407884597778 -0.031208185479044914
v -2.720625877380371 1.7951080799102783 -0.031208157539367676
v -2.753674268722534 1.7460627555847168 0.02463185414671898
v -2.7650599479675293 1.7540956735610962 -0.031208114698529243
v -2.81276535987854 1.728164553642273 -0.03120807744562626
v -2.806321859359741 1.710569977760315 -0.05607311427593231
v -2.8387646675109863 1.6736705303192139 -0.05293692275881767
v -2.8096017837524414 1.6821092367172241 -0.06982707977294922
v -2.7863621711730957 1.6992740631103516 -0.09530187398195267
v -2.6479859352111816 1.8521645069122314 0.0072203995659947395
v -2.645404815673828 1.9092059135437012 -0.031208228319883347
v -2.6479859352111816 1.8521645069122314 -0.06963685899972916
v -2.666628122329712 1.8149861097335815 -0.10486695170402527
v -2.6872191429138184 1.8231887817382812 -0.06966937333345413
v -2.709240198135376 1.787075161933899 -0.08704816550016403
v -2.753674268722534 1.7460627555847168 -0.08704812079668045
v -2.673654556274414 1.7669192552566528 -0.12719759345054626
v -2.696573495864868 1.782605767250061 -0.10618998855352402
v -2.7156474590301514 1.7513607740402222 -0.11106552928686142
v -2.7434298992156982 1.7317261695861816 -0.10722848773002625
v -2.7816975116729736 1.7144771814346313 -0.09301132708787918
v -2.6945981979370117 1.7326102256774902 -0.13086816668510437
v -2.7309815883636475 1.709023356437683 -0.12622182071208954
v -3.1283209323883057 1.7406615018844604 -0.10861911624670029
v -3.0823886394500732 1.7406615018844604 -0.0983159989118576
v -3.0885422229766846 1.7176953554153442 -0.0983159989118576
v -3.0885422229766846 1.7636277675628662 -0.09831598401069641
v -3.057797908782959 1.740637183189392 -0.07016725838184357
v -3.059422254562378 1.700882911682129 -0.07016728073358536
v -3.1053547859191895 1.780440092086792 -0.09831597656011581
v -3.068354606628418 1.7763911485671997 -0.07016725093126297
v -3.0454905033111572 1.7406373023986816 -0.031715378165245056
v -3.0487637519836426 1.6947290897369385 -0.03171538561582565
v -3.1283209323883057 1.7865939140319824 -0.09831597656011581
v -3.09481143951416 1.8015393018722534 -0.07016723603010178
v -3.0576958656311035 1.7825448513031006 -0.03171535208821297
v -3.057797908782959 1.740637183189392 0.006736524403095245
v -3.059422254562378 1.700882911682129 0.006736502051353455
v -3.151287078857422 1.780440092086792 -0.09831595420837402
v -3.1281611919403076 1.8122891187667847 -0.07016720622777939
v -3.0886576175689697 1.8121979236602783 -0.03171533718705177
v -3.068354606628418 1.7763911485671997 0.00673653744161129
v -3.0823886394500732 1.74066162109375 0.03488527983427048
v -3.0885422229766846 1.7176953554153442 0.03488526493310928
v -3.1680994033813477 1.8095601797103882 -0.07016719877719879
v -3.1281611919403076 1.824596643447876 -0.031715307384729385
v -3.09481143951416 1.8015393018722534 0.0067365653812885284
v -3.0885422229766846 1.7636277675628662 0.034885287284851074
v -3.1283209323883057 1.74066162109375 0.045188430696725845
v -3.174253225326538 1.820218801498413 -0.03171532601118088
v -3.1281611919403076 1.8122891187667847 0.006736574694514275
v -3.1053547859191895 1.7804402112960815 0.03488529846072197
v -3.1283209323883057 1.7865939140319824 0.03488531336188316
v -3.151287078857422 1.7804402112960815 0.03488529846072197
v -3.1680994033813477 1.8095601797103882 0.006736567243933678
v -2.9877185821533203 1.66413414478302 0.05270981043577194
v -2.9776036739349365 1.67033851146698 0.04908101633191109
v -2.9847910404205322 1.6667040586471558 0.04404832422733307
v -2.9826364517211914 1.6667040586471558 0.056268468499183655
v -2.970416307449341 1.6667040586471558 0.054113712161779404
v -2.9775540828704834 1.66413414478302 0.05982711538672447
v -2.9674389362335205 1.65792977809906 0.05619834363460541
v -2.9754488468170166 1.65792977809906 0.06130116060376167
v -2.970416307449341 1.6491554975509644 0.054113712161779404
v -2.9775540828704834 1.6517254114151 0.05982712656259537
v -2.9776036739349365 1.6455211639404297 0.04908101260662079
v -2.9826364517211914 1.6491554975509644 0.05626847222447395
v -2.9847910404205322 1.6491554975509644 0.04404831305146217
v -2.989823818206787 1.65792977809906 0.05123577639460564
v -2.9847209453582764 1.65792977809906 0.059245601296424866
v -2.9877185821533203 1.6517254114151 0.052709802985191345
v -2.9877681732177734 1.65792977809906 0.041963689029216766
v -3.051118850708008 1.7084496021270752 -0.07051186263561249
v -3.0329208374023438 1.7116352319717407 -0.06368029117584229
v -3.0329208374023438 1.7249424457550049 -0.07820258289575577
v -3.0200531482696533 1.7226898670196533 -0.08303322643041611
v -3.0329208374023438 1.7240831851959229 -0.097881019115448
v -3.0457887649536133 1.7226898670196533 -0.08303321897983551
v -3.0586564540863037 1.7007588148117065 -0.08700467646121979
v -3.051118850708008 1.7172516584396362 -0.09469541162252426
v -3.051118850708008 1.6930681467056274 -0.10349752008914948
v -3.0457887649536133 1.7118135690689087 -0.10635759681463242
v -3.0329208374023438 1.689882516860962 -0.11032906919717789
v -3.0329208374023438 1.7095609903335571 -0.11118824034929276
v -3.014723062515259 1.6930681467056274 -0.10349752008914948
v -3.014723062515259 1.7084496021270752 -0.07051187008619308
v -3.014723062515259 1.7172516584396362 -0.09469541907310486
v -3.0200531482696533 1.7118135690689087 -0.10635761171579361
v -3.007185220718384 1.7007588148117065 -0.08700469136238098
v -3.1044704914093018 1.7278395891189575 -0.10599672794342041
v -3.1091902256011963 1.7313827276229858 -0.1155078336596489
v -3.1118295192718506 1.7320013046264648 -0.10738109052181244
v -3.1039865016937256 1.7284399271011353 -0.11452892422676086
v -3.1082446575164795 1.7249599695205688 -0.12109784781932831
v -3.1144983768463135 1.7299652099609375 -0.1180592030286789
v -3.1193366050720215 1.7299965620040894 -0.1109892725944519
v -3.1168017387390137 1.7250175476074219 -0.12068848311901093
v -3.122594118118286 1.7229996919631958 -0.1147075891494751
v -3.114750862121582 1.7194383144378662 -0.12185540795326233
v -3.1196937561035156 1.7151093482971191 -0.1163579598069191
v -3.1095471382141113 1.7164955139160156 -0.1208765059709549
v -3.1123344898223877 1.7109476327896118 -0.11497358232736588
v -3.1015701293945312 1.7199492454528809 -0.10764708369970322
v -3.101935625076294 1.72286057472229 -0.11569587141275406
v -3.104238986968994 1.717913031578064 -0.11832518130540848
v -3.104827642440796 1.7129523754119873 -0.111365407705307
v -3.149120569229126 1.7191767692565918 0.026285994797945023
v -3.1288740634918213 1.6806739568710327 0.04519624263048172
v -3.159558057785034 1.6974024772644043 0.04238353297114372
v -3.12117600440979 1.7039426565170288 0.030022013932466507
v -3.091722011566162 1.7012362480163574 0.021380288526415825
v -3.0912258625030518 1.678730845451355 0.03450982645153999
v -3.0511634349823 1.704716682434082 -0.013810629956424236
v -3.08978009223938 1.7129402160644531 0.007430144585669041
v -3.0448129177093506 1.7188031673431396 -0.031170524656772614
v -3.0846991539001465 1.7239381074905396 -0.031170554459095
v -3.089779853820801 1.7129402160644531 -0.06977123767137527
v -3.0511634349823 1.7047168016433716 -0.04853042960166931
v -3.1738059520721436 1.7456672191619873 -0.0016988012939691544
v -3.1445326805114746 1.7284797430038452 0.011618132703006268
v -3.185744047164917 1.7305396795272827 0.025272145867347717
v -3.203010320663452 1.765807032585144 -0.031170597299933434
v -3.172074317932129 1.7511355876922607 -0.031170591711997986
v -3.139451742172241 1.7394776344299316 -0.031170574948191643
v -3.1445324420928955 1.7284798622131348 -0.07395927608013153
v -3.12117600440979 1.7039426565170288 -0.0923631489276886
v -3.091721773147583 1.7012362480163574 -0.08372139930725098
v -3.0912256240844727 1.678730845451355 -0.09685094654560089
v -3.128873825073242 1.6806740760803223 -0.1075374037027359
v -3.149120330810547 1.7191767692565918 -0.08862714469432831
v -3.159558057785034 1.6974024772644043 -0.1047247052192688
v -3.215942621231079 1.7504291534423828 -0.0017237926367670298
v -3.242682695388794 1.7922563552856445 -0.031170612201094627
v -3.2159423828125 1.7504291534423828 -0.06061748042702675
v -3.185743808746338 1.7305396795272827 -0.08761336654424667
v -3.1738057136535645 1.7456672191619873 -0.06064237654209137
v -3.1595571041107178 1.7008781433105469 0.042383525520563126
v -3.128873109817505 1.6841496229171753 0.04519623890519142
v -3.1491196155548096 1.7226523160934448 0.026285991072654724
v -3.1211750507354736 1.7074182033538818 0.030022017657756805
v -3.144531488418579 1.7319554090499878 0.01161812711507082
v -3.173804759979248 1.7491427659988403 -0.0016988023417070508
v -3.1857430934906006 1.7340153455734253 0.025272147729992867
v -3.2030093669891357 1.769282579421997 -0.031170621514320374
v -3.2159416675567627 1.7539047002792358 -0.0017237691208720207
v -3.2426817417144775 1.7957319021224976 -0.031170625239610672
v -3.2159414291381836 1.7539047002792358 -0.060617461800575256
v -3.1857428550720215 1.7340153455734253 -0.08761339634656906
v -3.173804759979248 1.7491427659988403 -0.060642361640930176
v -3.1595568656921387 1.7008781433105469 -0.10472473502159119
v -3.0917210578918457 1.7047119140625 0.02138027548789978
v -3.0897789001464844 1.7164157629013062 0.007430138066411018
v -3.1394505500793457 1.7429533004760742 -0.0311705581843853
v -3.1720733642578125 1.7546111345291138 -0.031170599162578583
v -3.144531488418579 1.7319554090499878 -0.07395929843187332
v -3.1491193771362305 1.7226524353027344 -0.08862713724374771
v -3.128872871398926 1.6841496229171753 -0.1075373962521553
v -3.1211748123168945 1.7074183225631714 -0.09236316382884979
v -3.0917208194732666 1.7047119140625 -0.08372139930725098
v -3.0912246704101562 1.6822065114974976 -0.0968509241938591
v -3.0511624813079834 1.7081923484802246 -0.0485304519534111
v -3.0912249088287354 1.6822065114974976 0.034509822726249695
v -3.0511624813079834 1.7081923484802246 -0.013810636475682259
v -3.044811964035034 1.7222788333892822 -0.031170524656772614
v -3.084697961807251 1.7274136543273926 -0.031170550733804703
v -3.0897789001464844 1.7164157629013062 -0.06977125257253647
v -3.1489880084991455 1.7432039976119995 0.03491480275988579
v -3.137956142425537 1.6944007873535156 0.056664977222681046
v -3.1670660972595215 1.7221201658248901 0.053429875522851944
v -3.1224770545959473 1.7179603576660156 0.03921188786625862
v -3.090559482574463 1.7061854600906372 0.029272355139255524
v -3.096707820892334 1.6810344457626343 0.044373683631420135
v -3.0469048023223877 1.6888670921325684 -0.01120353676378727
v -3.0849180221557617 1.7186102867126465 0.013227184303104877
v -3.033139944076538 1.712007999420166 -0.031170520931482315
v -3.0759990215301514 1.729316234588623 -0.031170539557933807
v -3.0849177837371826 1.7186102867126465 -0.07556826621294022
v -3.0469048023223877 1.6888670921325684 -0.051137544214725494
v -3.168527126312256 1.7799831628799438 0.0027272801380604506
v -3.1411213874816895 1.752173900604248 0.018044130876660347
v -3.186293601989746 1.7667304277420044 0.033748701214790344
v -3.1949777603149414 1.8110519647598267 -0.03117058239877224
v -3.16497540473938 1.7855428457260132 -0.03117058426141739
v -3.132202625274658 1.7628798484802246 -0.031170563772320747
v -3.1411213874816895 1.7521737813949585 -0.08038526773452759
v -3.122476816177368 1.7179603576660156 -0.10155303031206131
v -3.090559482574463 1.7061854600906372 -0.09161347150802612
v -3.096707820892334 1.6810345649719238 -0.10671478509902954
v -3.137956142425537 1.6944007873535156 -0.11900614202022552
v -3.1489880084991455 1.7432039976119995 -0.09725594520568848
v -3.1670658588409424 1.7221201658248901 -0.11577107012271881
v -3.2139229774475098 1.7978172302246094 0.002698555588722229
v -3.231179714202881 1.8522469997406006 -0.03117060847580433
v -3.2139229774475098 1.7978171110153198 -0.0650397464632988
v -3.186293363571167 1.7667304277420044 -0.0960899069905281
v -3.168527126312256 1.7799830436706543 -0.06506845355033875
v -3.166030168533325 1.7259812355041504 0.053429871797561646
v -3.13692045211792 1.6982618570327759 0.05666497349739075
v -3.1479523181915283 1.7470650672912598 0.034914810210466385
v -3.12144136428833 1.7218214273452759 0.039211902767419815
v -3.1400856971740723 1.7560348510742188 0.01804412342607975
v -3.1674914360046387 1.783844232559204 0.002727261045947671
v -3.185257911682129 1.7705914974212646 0.033748697489500046
v -3.193941831588745 1.8149131536483765 -0.03117060475051403
v -3.2128872871398926 1.80167818069458 0.002698567695915699
v -3.2301437854766846 1.8561080694198608 -0.031170601025223732
v -3.2128870487213135 1.8016782999038696 -0.0650397539138794
v -3.18525767326355 1.7705914974212646 -0.0960899069905281
v -3.1674911975860596 1.783844232559204 -0.06506843119859695
v -3.166029930114746 1.7259811162948608 -0.11577107012271881
v -3.0895237922668457 1.7100465297698975 0.029272353276610374
v -3.0838820934295654 1.7224713563919067 0.013227185234427452
v -3.131166934967041 1.7667409181594849 -0.03117055632174015
v -3.1639397144317627 1.7894039154052734 -0.031170552596449852
v -3.140085458755493 1.7560348510742188 -0.08038526773452759
v -3.147952079772949 1.7470650672912598 -0.09725596010684967
v -3.136920213699341 1.6982618570327759 -0.11900614202022552
v -3.121441125869751 1.7218214273452759 -0.1015530452132225
v -3.0895235538482666 1.7100465297698975 -0.09161347895860672
v -3.0956718921661377 1.6848955154418945 -0.10671478509902954
v -3.0458691120147705 1.6927281618118286 -0.0511375330388546
v -3.095672130584717 1.6848955154418945 0.04437367990612984
v -3.0458691120147705 1.6927281618118286 -0.011203529313206673
v -3.032083511352539 1.7157442569732666 -0.031170522794127464
v -3.074963331222534 1.7331773042678833 -0.031170543283224106
v -3.0838820934295654 1.7224713563919067 -0.07556828111410141
v -3.153745651245117 1.7796934843063354 0.04377373307943344
v -3.1557207107543945 1.729697823524475 0.06845191866159439
v -3.176664352416992 1.7640069723129272 0.0647813156247139
v -3.134671449661255 1.7484484910964966 0.04864929988980293
v -3.106889009475708 1.7288137674331665 0.04481231048703194
v -3.119337320327759 1.706111192703247 0.06380556523799896
v -3.0639567375183105 1.6963616609573364 0.03467131778597832
v -3.0686213970184326 1.7115647792816162 0.03238074854016304
v -3.043997287750244 1.7076576948165894 -0.006342985667288303
v -3.040717124938965 1.679196834564209 0.007410973310470581
v -3.011554479598999 1.6707582473754883 -0.00947913620620966
v -3.0261454582214355 1.728584885597229 -0.03120800480246544
v -3.163099765777588 1.8202764987945557 0.0072531187906861305
v -3.1410787105560303 1.784162998199463 0.02463192120194435
v -3.096644639968872 1.7431503534317017 0.02463195100426674
v -3.085258722305298 1.751183271408081 -0.03120802715420723
v -3.0375537872314453 1.7252522706985474 -0.031208015978336334
v -3.043997049331665 1.7076576948165894 -0.05607304349541664
v -3.011554479598999 1.6707582473754883 -0.052936870604753494
v -3.040717124938965 1.679196834564209 -0.06982701271772385
v -3.0639567375183105 1.6963616609573364 -0.0953017920255661
v -3.1836907863616943 1.8120735883712769 0.0424506701529026
v -3.180607795715332 1.8571326732635498 -0.031208056956529617
v -3.1577343940734863 1.8248283863067627 -0.031208064407110214
v -3.129692792892456 1.7921956777572632 -0.031208066269755363
v -3.096644401550293 1.7431503534317017 -0.0870480164885521
v -3.2023329734802246 1.8492521047592163 0.007220541592687368
v -3.204914093017578 1.906293511390686 -0.031208064407110214
v -3.2023329734802246 1.8492521047592163 -0.06963671743869781
v -3.1836907863616943 1.8120737075805664 -0.10486680269241333
v -3.163099527359009 1.8202764987945557 -0.06966924667358398
v -3.141078472137451 1.7841627597808838 -0.08704803884029388
v -3.134671211242676 1.748448371887207 -0.11106540262699127
v -3.106888771057129 1.7288137674331665 -0.10722841322422028
v -3.0686213970184326 1.7115647792816162 -0.09301123768091202
v -3.119337320327759 1.706111192703247 -0.1262216866016388
v -3.1557207107543945 1.729697823524475 -0.130868062376976
v -3.176664113998413 1.7640068531036377 -0.1271974742412567
v -3.153745412826538 1.779693365097046 -0.10618986189365387
v -3.1540050506591797 1.7326102256774902 0.06845191866159439
v -3.1520297527313232 1.782605767250061 0.04377373307943344
v -3.1749486923217773 1.7669192552566528 0.0647813156247139
v -3.132955551147461 1.7513606548309326 0.04864929988980293
v -3.1393630504608154 1.787075161933899 0.024631932377815247
v -3.161384105682373 1.8231887817382812 0.007253148593008518
v -3.1819751262664795 1.814985990524292 0.0424506701529026
v -3.178891897201538 1.8600448369979858 -0.03120807185769081
v -3.2006173133850098 1.852164387702942 0.007220547180622816
v -3.2031984329223633 1.9092057943344116 -0.031208064407110214
v -3.2006170749664307 1.852164387702942 -0.06963670253753662
v -3.1819748878479004 1.8149858713150024 -0.10486682504415512
v -3.161383867263794 1.8231885433197021 -0.06966924667358398
v -3.1749484539031982 1.7669191360473633 -0.12719741463661194
v -3.105173349380493 1.731726050376892 0.04481230676174164
v -3.0949289798736572 1.7460626363754272 0.024631958454847336
v -3.127977132797241 1.7951080799102783 -0.03120805323123932
v -3.1560187339782715 1.8277406692504883 -0.031208043918013573
v -3.1393628120422363 1.787075161933899 -0.0870480164885521
v -3.1520297527313232 1.782605767250061 -0.10618985444307327
v -3.1540050506591797 1.7326101064682007 -0.130868062376976
v -3.132955551147461 1.7513606548309326 -0.11106539517641068
v -3.105173110961914 1.731726050376892 -0.10722838342189789
v -3.117621660232544 1.709023356437683 -0.1262216567993164
v -3.0622410774230957 1.699273943901062 -0.0953017920255661
v -3.117621660232544 1.7090234756469727 0.06380555778741837
v -3.0622410774230957 1.699273943901062 0.03467130661010742
v -3.0669057369232178 1.7144771814346313 0.03238075599074364
v -3.04228138923645 1.710569977760315 -0.006342983338981867
v -3.083543062210083 1.7540956735610962 -0.03120802715420723
v -3.094928741455078 1.7460627555847168 -0.0870480164885521
v -3.03900146484375 1.6821091175079346 0.007410980295389891
v -3.009838819503784 1.6736705303192139 -0.009479135274887085
v -3.0244297981262207 1.7314972877502441 -0.03120800480246544
v -3.0358378887176514 1.728164553642273 -0.031208012253046036
v -3.04228138923645 1.7105698585510254 -0.05607305094599724
v -3.0669057369232178 1.7144770622253418 -0.09301125258207321
v -3.009838819503784 1.6736705303192139 -0.05293688178062439
v -3.03900146484375 1.6821091175079346 -0.06982701271772385
v -2.8773984909057617 1.6837356090545654 -0.08530911803245544
v -2.9224750995635986 1.6749646663665771 -0.13785716891288757
v -2.9224750995635986 1.6817671060562134 -0.09895267337560654
v -2.852297306060791 1.6763954162597656 -0.16036203503608704
v -2.9224748611450195 1.6612251996994019 -0.17310373485088348
v -2.9926528930664062 1.6763954162597656 -0.16036202013492584
v -2.9675517082214355 1.6837354898452759 -0.08530911803245544
v -2.8367767333984375 1.7117217779159546 -0.10064119100570679
v -2.818866491317749 1.6684304475784302 -0.18152299523353577
v -2.9224748611450195 1.5506246089935303 -0.22113724052906036
v -3.026083469390869 1.6684304475784302 -0.181522935628891
v -3.0081734657287598 1.711721658706665 -0.1006411612033844
v -2.771846294403076 1.7212119102478027 -0.14222358167171478
v -2.722416639328003 1.6481562852859497 -0.17448003590106964
v -2.815713405609131 1.5620273351669312 -0.21062152087688446
v -2.8072445392608643 1.333670973777771 -0.2817801833152771
v -2.9224750995635986 1.3268206119537354 -0.2631402313709259
v -3.037705659866333 1.3336710929870605 -0.2817802429199219
v -3.0292367935180664 1.5620272159576416 -0.21062161028385162
v -3.1225333213806152 1.6481562852859497 -0.17447997629642487
v -3.073103666305542 1.7212117910385132 -0.1422235071659088
v -2.687558889389038 1.561899185180664 -0.19709764420986176
v -2.7286505699157715 1.3451694250106812 -0.25788137316703796
v -2.814082145690918 1.0838521718978882 -0.30713018774986267
v -2.9224750995635986 1.0770015716552734 -0.29325026273727417
v -3.0308680534362793 1.0838521718978882 -0.3071301281452179
v -3.116299629211426 1.3451694250106812 -0.25788143277168274
v -3.1573915481567383 1.5618990659713745 -0.19709765911102295
v -2.645259380340576 1.3451694250106812 -0.28359946608543396
v -2.597184419631958 1.0930711030960083 -0.2945341169834137
v -2.7039554119110107 1.0930711030960083 -0.2688160240650177
v -2.796017646789551 0.9059118628501892 -0.3640635311603546
v -2.9224753379821777 0.8990613222122192 -0.30298012495040894
v -3.0489323139190674 0.905911922454834 -0.36406347155570984
v -3.1409947872161865 1.0930711030960083 -0.2688159644603729
v -3.2477662563323975 1.0930711030960083 -0.2945341467857361
v -3.1996910572052 1.3451694250106812 -0.28359946608543396
v -2.562037944793701 0.9165986180305481 -0.33908310532569885
v -2.680773973464966 0.9165986180305481 -0.31336501240730286
v -2.7793641090393066 0.729682981967926 -0.3774544596672058
v -2.9224753379821777 0.722832441329956 -0.31601518392562866
v -3.0655860900878906 0.7296830415725708 -0.3774544596672058
v -3.1641762256622314 0.9165986180305481 -0.31336504220962524
v -3.282912015914917 0.9165986180305481 -0.33908316493034363
v -2.5305910110473633 0.7385729551315308 -0.32787612080574036
v -2.650357723236084 0.738572895526886 -0.30215808749198914
v -2.7635715007781982 0.5485495328903198 -0.4287208914756775
v -2.9224748611450195 0.5416988134384155 -0.3715358078479767
v -3.08137845993042 0.5485495328903198 -0.4287208914756775
v -3.194592237472534 0.738572895526886 -0.3021581470966339
v -3.314358949661255 0.7385728359222412 -0.3278762996196747
v -2.4988415241241455 0.5699688792228699 -0.3541170060634613
v -2.621304988861084 0.5699688792228699 -0.32839858531951904
v -2.7390873432159424 0.322178453207016 -0.5417788624763489
v -2.9224748611450195 0.3153277337551117 -0.4887455105781555
v -3.105862617492676 0.32217833399772644 -0.5417789220809937
v -3.2236452102661133 0.5699686408042908 -0.328398734331131
v -3.3461086750030518 0.5699687600135803 -0.35411712527275085
v -2.463515520095825 0.34914812445640564 -0.4406276345252991
v -2.5906105041503906 0.34125667810440063 -0.4149095118045807
v -3.381434440612793 0.3491480052471161 -0.440627783536911
v -3.2543396949768066 0.34125664830207825 -0.41490963101387024
vt 0.07544288039207458 0.7723726034164429
vt 0.12633301317691803 0.7986124753952026
vt 0.0970001369714737 0.7951764464378357
vt 0.11083079874515533 0.7791497707366943
vt 0.15940290689468384 0.818264365196228
vt 0.14313513040542603 0.7848436832427979
vt 0.2385196089744568 0.7991049885749817
vt 0.2093622386455536 0.7684853076934814
vt 0.09965573251247406 0.7318074107170105
vt 0.1352553516626358 0.7068802714347839
vt 0.15571607649326324 0.6966466307640076
vt 0.10908106714487076 0.6238989233970642
vt 0.042341142892837524 0.7322588562965393
vt 0.06657327711582184 0.7308056354522705
vt 0.028172345831990242 0.675196647644043
vt 0.05025087669491768 0.6707866787910461
vt 0.04064296931028366 0.5808668732643127
vt 0.09252078831195831 0.5428612232208252
vt 0.05723830312490463 0.5187182426452637
vt 0.09412985295057297 0.48961949348449707
vt 0.10012549161911011 0.4235187768936157
vt 0.05562528595328331 0.4579448699951172
vt 0.0026293941773474216 0.46082890033721924
vt 0.011294727213680744 0.6871529817581177
vt 0.005864296108484268 0.6234650015830994
vt 0.019019942730665207 0.5973966121673584
vt 0.028858909383416176 0.5432735681533813
vt 0.0285739004611969 0.46733665466308594
vt 0.0022072908468544483 0.5746594071388245
vt 0.07393745332956314 0.7722822427749634
vt 0.09641609340906143 0.7948390245437622
vt 0.12643644213676453 0.7989056706428528
vt 0.11098062247037888 0.7794303894042969
vt 0.042341142892837524 0.7322588562965393
vt 0.06657327711582184 0.7308056354522705
vt 0.011294727213680744 0.6871529817581177
vt 0.028172345831990242 0.675196647644043
vt 0.005864296108484268 0.6234650015830994
vt 0.019019942730665207 0.5973966121673584
vt 0.0022072908468544483 0.5746594071388245
vt 0.028858909383416176 0.5432735681533813
vt 0.0026293941773474216 0.46082890033721924
vt 0.15972404181957245 0.8182745575904846
vt 0.14196693897247314 0.7841691970825195
vt 0.09965573251247406 0.7318074107170105
vt 0.05025087669491768 0.6707866787910461
vt 0.04064296931028366 0.5808668732643127
vt 0.05723830312490463 0.5187182426452637
vt 0.0285739004611969 0.46733665466308594
vt 0.05562528595328331 0.4579448699951172
vt 0.10012549161911011 0.4235187768936157
vt 0.09412985295057297 0.48961949348449707
vt 0.09252078831195831 0.5428612232208252
vt 0.23834490776062012 0.799303412437439
vt 0.2091153860092163 0.7675639390945435
vt 0.1352553516626358 0.7068802714347839
vt 0.10908106714487076 0.6238989233970642
vt 0.15571607649326324 0.6966466307640076
vt 0.15735802054405212 0.8482425212860107
vt 0.21336093544960022 0.9138652086257935
vt 0.1705152690410614 0.9294597506523132
vt 0.2503460943698883 0.9638144969940186
vt 0.1746717393398285 0.9735620021820068
vt 0.12561249732971191 0.921542227268219
vt 0.0906844288110733 0.8922339677810669
vt 0.07508977502584457 0.8493885397911072
vt 0.08300744742155075 0.8044857382774353
vt 0.026028914377093315 0.853987991809845
vt 0.024567192420363426 0.7772344946861267
vt 0.002516854787245393 0.8560450077056885
vt 0.003176617668941617 0.767259955406189
vt 0.026028914377093315 0.853987991809845
vt 0.024567192420363426 0.7772344946861267
vt 0.2638836205005646 0.983147919178009
vt 0.17672878503799438 0.9970740079879761
vt 0.10747486352920532 0.9600885510444641
vt 0.052139390259981155 0.9159020185470581
vt 0.03280574083328247 0.9294396638870239
vt 0.052139390259981155 0.9159020185470581
vt 0.0906844288110733 0.8922339677810669
vt 0.07508977502584457 0.8493885397911072
vt 0.08300744742155075 0.8044857382774353
vt 0.15735802054405212 0.8482425212860107
vt 0.2503460943698883 0.9638144969940186
vt 0.1746717393398285 0.9735620021820068
vt 0.09750021994113922 0.9814792275428772
vt 0.10747486352920532 0.9600885510444641
vt 0.12561249732971191 0.921542227268219
vt 0.21336093544960022 0.9138652086257935
vt 0.1705152690410614 0.9294597506523132
vt 0.8932889103889465 0.9584180116653442
vt 0.878251314163208 0.9730125069618225
vt 0.9228036403656006 0.9918304681777954
vt 0.8816482424736023 0.9274988770484924
vt 0.8585574626922607 0.9275819063186646
vt 0.8932889103889465 0.8984225988388062
vt 0.878251314163208 0.8821513056755066
vt 0.9228036403656006 0.8843626976013184
vt 0.9228036403656006 0.8633334040641785
vt 0.9575721621513367 0.8976690769195557
vt 0.9733417630195618 0.8821513056755066
vt 0.968841552734375 0.9275819063186646
vt 0.9930356740951538 0.9275819063186646
vt 0.9228036403656006 0.9700639843940735
vt 0.9228036403656006 0.9276193976402283
vt 0.9565759897232056 0.9571262001991272
vt 0.9733417630195618 0.9730125069618225
vt 0.9733417630195618 0.8821513056755066
vt 0.968841552734375 0.9275819063186646
vt 0.9930356740951538 0.9275819063186646
vt 0.9575721621513367 0.8976690769195557
vt 0.9228036403656006 0.9276193976402283
vt 0.9565759897232056 0.9571262001991272
vt 0.9733417630195618 0.9730125069618225
vt 0.9228036403656006 0.9700639843940735
vt 0.9228036403656006 0.9918304681777954
vt 0.8932889103889465 0.9584180116653442
vt 0.878251314163208 0.9730125069618225
vt 0.8816482424736023 0.9274988770484924
vt 0.8585574626922607 0.9275819063186646
vt 0.9228036403656006 0.8633334040641785
vt 0.9228036403656006 0.8843626976013184
vt 0.8932889103889465 0.8984225988388062
vt 0.878251314163208 0.8821513056755066
vt 0.9930356740951538 0.9275819063186646
vt 0.9733417630195618 0.8821513056755066
vt 0.9575721621513367 0.8976690769195557
vt 0.9228036403656006 0.8843626976013184
vt 0.9228036403656006 0.9276193976402283
vt 0.968841552734375 0.9275819063186646
vt 0.9733417630195618 0.9730125069618225
vt 0.9565759897232056 0.9571262001991272
vt 0.9228036403656006 0.9918304681777954
vt 0.9228036403656006 0.9700639843940735
vt 0.878251314163208 0.9730125069618225
vt 0.8932889103889465 0.9584180116653442
vt 0.8585574626922607 0.9275819063186646
vt 0.9228036403656006 0.8633334040641785
vt 0.8932889103889465 0.8984225988388062
vt 0.8816482424736023 0.9274988770484924
vt 0.878251314163208 0.8821513056755066
vt 0.9414359331130981 0.6576015949249268
vt 1.0 0.666004478931427
vt 0.9921623468399048 0.752074122428894
vt 0.9239919781684875 0.5680299401283264
vt 0.9718114733695984 0.5658664107322693
vt 0.924604594707489 0.4807525873184204
vt 0.9745070338249207 0.47636568546295166
vt 0.9272480607032776 0.37814104557037354
vt 0.9745070338249207 0.47636568546295166
vt 0.9718114733695984 0.5658664107322693
vt 0.9239919781684875 0.5680299401283264
vt 1.0 0.666004478931427
vt 0.9322408437728882 0.7341720461845398
vt 0.9124782085418701 0.652313232421875
vt 0.9101198315620422 0.565875232219696
vt 0.9124782085418701 0.652313232421875
vt 0.9414359331130981 0.6576015949249268
vt 0.9921623468399048 0.752074122428894
vt 0.9322408437728882 0.7341720461845398
vt 0.898733913898468 0.7986499667167664
vt 0.9432297348976135 0.8314105272293091
vt 0.8419498205184937 0.8992531895637512
vt 0.898733913898468 0.7986499667167664
vt 0.8665391802787781 0.7828482389450073
vt 0.8879329562187195 0.6478508114814758
vt 0.8665391802787781 0.7828482389450073
vt 0.9432297348976135 0.8314105272293091
vt 0.8419498801231384 0.8992531299591064
vt 0.7636699080467224 0.8670884966850281
vt 0.8349525928497314 0.7729321122169495
vt 1.0 0.6649313569068909
vt 0.9438979029655457 0.6570676565170288
vt 0.9929996728897095 0.7515725493431091
vt 0.9236273765563965 0.5672445893287659
vt 0.912981390953064 0.6524173021316528
vt 0.9335353970527649 0.7336627244949341
vt 0.8971031904220581 0.797405481338501
vt 0.943638265132904 0.8300955891609192
vt 0.842729389667511 0.9000362157821655
vt 0.8672516942024231 0.7828415632247925
vt 0.7647371292114258 0.8676096200942993
vt 0.8343938589096069 0.7733807563781738
vt 0.8672516942024231 0.7828415632247925
vt 0.842729389667511 0.9000362157821655
vt 0.9713833332061768 0.5645081996917725
vt 0.9242565035820007 0.47918838262557983
vt 0.9095898866653442 0.5663575530052185
vt 0.8877094984054565 0.6481607556343079
vt 0.9737275838851929 0.47798168659210205
vt 0.9282726645469666 0.3795393705368042
vt 0.9737275838851929 0.47798168659210205
vt 0.9713833332061768 0.5645081996917725
vt 0.9236273765563965 0.5672445893287659
vt 0.912981390953064 0.6524173021316528
vt 1.0 0.6649313569068909
vt 0.9438979029655457 0.6570676565170288
vt 0.9335353970527649 0.7336627244949341
vt 0.8971031904220581 0.797405481338501
vt 0.943638265132904 0.8300955891609192
vt 0.9929996728897095 0.7515725493431091
vt 0.9426546692848206 0.6561833620071411
vt 1.0 0.6659315824508667
vt 0.9919654726982117 0.7518750429153442
vt 0.9239937663078308 0.5685440897941589
vt 0.9716034531593323 0.5658160448074341
vt 0.924604594707489 0.4807525873184204
vt 0.9741492867469788 0.47636985778808594
vt 0.9272480607032776 0.37814104557037354
vt 0.9741491079330444 0.47637009620666504
vt 0.9716031551361084 0.5658162832260132
vt 0.9239935874938965 0.5685442090034485
vt 1.0 0.6659318804740906
vt 0.9338714480400085 0.7344524264335632
vt 0.9128695130348206 0.6521265506744385
vt 0.9101198315620422 0.565875232219696
vt 0.9128693342208862 0.6521267294883728
vt 0.9426541924476624 0.656183660030365
vt 0.9919651746749878 0.7518752813339233
vt 0.9338710904121399 0.7344527244567871
vt 0.8981879353523254 0.7990013957023621
vt 0.9429661631584167 0.8318497538566589
vt 0.8419498205184937 0.8992531895637512
vt 0.8981882333755493 0.7990012168884277
vt 0.8667575120925903 0.7826778888702393
vt 0.8879329562187195 0.6478508114814758
vt 0.8667575120925903 0.7826780676841736
vt 0.9429664015769958 0.8318495750427246
vt 0.8419498801231384 0.8992531299591064
vt 0.7636699080467224 0.8670884966850281
vt 0.8349525928497314 0.7729321122169495
vt 1.0 0.6649313569068909
vt 0.9438979029655457 0.6570676565170288
vt 0.9929996728897095 0.7515725493431091
vt 0.9236273765563965 0.5672445893287659
vt 0.912981390953064 0.6524173021316528
vt 0.9335353970527649 0.7336627244949341
vt 0.8971031904220581 0.797405481338501
vt 0.943638265132904 0.8300955891609192
vt 0.842729389667511 0.9000362157821655
vt 0.8672516942024231 0.7828415632247925
vt 0.7647371292114258 0.8676096200942993
vt 0.8343938589096069 0.7733807563781738
vt 0.8672516942024231 0.7828415632247925
vt 0.842729389667511 0.9000362157821655
vt 0.9713833332061768 0.5645081996917725
vt 0.9242565035820007 0.47918838262557983
vt 0.9095898866653442 0.5663575530052185
vt 0.8877094984054565 0.6481607556343079
vt 0.973727822303772 0.47798144817352295
vt 0.9282726645469666 0.3795393705368042
vt 0.9737275838851929 0.47798168659210205
vt 0.9713833332061768 0.5645081996917725
vt 0.9236273765563965 0.5672445893287659
vt 0.912981390953064 0.6524173021316528
vt 1.0 0.6649313569068909
vt 0.9438979029655457 0.6570676565170288
vt 0.9335353970527649 0.7336627244949341
vt 0.8971031904220581 0.797405481338501
vt 0.943638265132904 0.8300955891609192
vt 0.9929996728897095 0.7515725493431091
vt 0.9426546692848206 0.6561833620071411
vt 1.0 0.6659315824508667
vt 0.9919654726982117 0.7518750429153442
vt 0.9239937663078308 0.5685440897941589
vt 0.9716034531593323 0.5658160448074341
vt 0.924604594707489 0.4807525873184204
vt 0.9741492867469788 0.47636985778808594
vt 0.9272480607032776 0.37814104557037354
vt 0.9741491079330444 0.47637009620666504
vt 0.9716031551361084 0.5658162832260132
vt 0.9239935874938965 0.5685442090034485
vt 1.0 0.6659318804740906
vt 0.9338714480400085 0.7344524264335632
vt 0.9128695130348206 0.6521265506744385
vt 0.9101198315620422 0.565875232219696
vt 0.9128693342208862 0.6521267294883728
vt 0.9426541924476624 0.656183660030365
vt 0.9919651746749878 0.7518752813339233
vt 0.9338710904121399 0.7344527244567871
vt 0.8984553813934326 0.7988203763961792
vt 0.94281405210495 0.8316181302070618
vt 0.8425394892692566 0.8996295928955078
vt 0.8984556198120117 0.7988201975822449
vt 0.867218017578125 0.7835378646850586
vt 0.8879329562187195 0.6478508114814758
vt 0.8672177791595459 0.7835380434989929
vt 0.9428144097328186 0.8316178321838379
vt 0.8425397276878357 0.8996294736862183
vt 0.837797224521637 0.865638792514801
vt 0.793197751045227 0.895739734172821
vt 0.8349525928497314 0.7729321122169495
vt 0.7931975722312927 0.8957398533821106
vt 0.8377969264984131 0.8656389117240906
vt 0.8127403259277344 0.9543981552124023
vt 0.7633967399597168 0.9975016713142395
vt 0.7391941547393799 0.8710895776748657
vt 0.7636699080467224 0.8670884966850281
vt 0.7633966207504272 0.9975016713142395
vt 0.8127400875091553 0.9543983340263367
vt 0.9929996728897095 0.7515725493431091
vt 1.0 0.6649313569068909
vt 0.9438979029655457 0.6570676565170288
vt 0.9236274361610413 0.5672444701194763
vt 0.912981390953064 0.6524173021316528
vt 0.9335353970527649 0.7336627244949341
vt 0.8971031904220581 0.797405481338501
vt 0.943638265132904 0.8300955891609192
vt 0.8427294492721558 0.900036096572876
vt 0.8379870057106018 0.8660454154014587
vt 0.7933874726295471 0.8961463570594788
vt 0.8129300475120544 0.9548049569129944
vt 0.7635865807533264 0.9979082942008972
vt 0.7393838763237 0.8714961409568787
vt 0.9713834524154663 0.5645081996917725
vt 0.9242565035820007 0.47918838262557983
vt 0.9095898866653442 0.5663575530052185
vt 0.8877094984054565 0.6481607556343079
vt 0.8672516942024231 0.7828415632247925
vt 0.8343938589096069 0.7733807563781738
vt 0.7647371292114258 0.8676096200942993
vt 0.7933872938156128 0.8961464762687683
vt 0.7635864615440369 0.9979084134101868
vt 0.8129299283027649 0.9548051357269287
vt 0.842729389667511 0.9000362157821655
vt 0.9737275838851929 0.47798168659210205
vt 0.9282726645469666 0.3795393705368042
vt 0.9737275838851929 0.47798168659210205
vt 0.9713833332061768 0.5645081996917725
vt 0.9236273765563965 0.5672445893287659
vt 0.912981390953064 0.6524173021316528
vt 0.8672516942024231 0.7828415632247925
vt 1.0 0.6649313569068909
vt 0.9438979029655457 0.6570676565170288
vt 0.9335353970527649 0.7336627244949341
vt 0.8971031904220581 0.797405481338501
vt 0.8379868865013123 0.8660455346107483
vt 0.9929996728897095 0.7515725493431091
vt 0.943638265132904 0.8300955891609192
vt 0.15735802054405212 0.8482425212860107
vt 0.1705152690410614 0.9294597506523132
vt 0.21336093544960022 0.9138652086257935
vt 0.12561249732971191 0.921542227268219
vt 0.1746717393398285 0.9735620021820068
vt 0.2503460943698883 0.9638144969940186
vt 0.0906844288110733 0.8922339677810669
vt 0.10747486352920532 0.9600885510444641
vt 0.17672878503799438 0.9970740079879761
vt 0.2638836205005646 0.983147919178009
vt 0.07508977502584457 0.8493885397911072
vt 0.052139390259981155 0.9159020185470581
vt 0.09750021994113922 0.9814792275428772
vt 0.1746717393398285 0.9735620021820068
vt 0.2503460943698883 0.9638144969940186
vt 0.08300744742155075 0.8044857382774353
vt 0.026028914377093315 0.853987991809845
vt 0.03280574083328247 0.9294396638870239
vt 0.10747486352920532 0.9600885510444641
vt 0.1705152690410614 0.9294597506523132
vt 0.21336093544960022 0.9138652086257935
vt 0.024567192420363426 0.7772344946861267
vt 0.002516854787245393 0.8560450077056885
vt 0.052139390259981155 0.9159020185470581
vt 0.12561249732971191 0.921542227268219
vt 0.15735802054405212 0.8482425212860107
vt 0.003176617668941617 0.767259955406189
vt 0.026028914377093315 0.853987991809845
vt 0.0906844288110733 0.8922339677810669
vt 0.07508977502584457 0.8493885397911072
vt 0.08300744742155075 0.8044857382774353
vt 0.024567192420363426 0.7772344946861267
vt 0.8932889103889465 0.9584180116653442
vt 0.9228036403656006 0.9918304681777954
vt 0.878251314163208 0.9730125069618225
vt 0.9228036403656006 0.9700639843940735
vt 0.9733417630195618 0.9730125069618225
vt 0.9565759897232056 0.9571262001991272
vt 0.9930356740951538 0.9275819063186646
vt 0.968841552734375 0.9275819063186646
vt 0.9733417630195618 0.8821513056755066
vt 0.9575721621513367 0.8976690769195557
vt 0.9228036403656006 0.8633334040641785
vt 0.9228036403656006 0.8843626976013184
vt 0.878251314163208 0.8821513056755066
vt 0.8816482424736023 0.9274988770484924
vt 0.9228036403656006 0.9276193976402283
vt 0.8932889103889465 0.8984225988388062
vt 0.8585574626922607 0.9275819063186646
vt 0.9733417630195618 0.8821513056755066
vt 0.9930356740951538 0.9275819063186646
vt 0.968841552734375 0.9275819063186646
vt 0.9565759897232056 0.9571262001991272
vt 0.9228036403656006 0.9276193976402283
vt 0.9575721621513367 0.8976690769195557
vt 0.9228036403656006 0.8633334040641785
vt 0.9228036403656006 0.8843626976013184
vt 0.878251314163208 0.8821513056755066
vt 0.8932889103889465 0.8984225988388062
vt 0.8585574626922607 0.9275819063186646
vt 0.8816482424736023 0.9274988770484924
vt 0.878251314163208 0.9730125069618225
vt 0.9733417630195618 0.9730125069618225
vt 0.9228036403656006 0.9700639843940735
vt 0.8932889103889465 0.9584180116653442
vt 0.9228036403656006 0.9918304681777954
vt 0.9930356740951538 0.9275819063186646
vt 0.9575721621513367 0.8976690769195557
vt 0.9733417630195618 0.8821513056755066
vt 0.968841552734375 0.9275819063186646
vt 0.9228036403656006 0.9276193976402283
vt 0.9228036403656006 0.8843626976013184
vt 0.9228036403656006 0.8633334040641785
vt 0.8932889103889465 0.8984225988388062
vt 0.878251314163208 0.8821513056755066
vt 0.8816482424736023 0.9274988770484924
vt 0.8585574626922607 0.9275819063186646
vt 0.8932889103889465 0.9584180116653442
vt 0.878251314163208 0.9730125069618225
vt 0.9733417630195618 0.9730125069618225
vt 0.9565759897232056 0.9571262001991272
vt 0.9228036403656006 0.9700639843940735
vt 0.9228036403656006 0.9918304681777954
vt 0.9414359331130981 0.6576015949249268
vt 0.9921623468399048 0.752074122428894
vt 1.0 0.666004478931427
vt 0.9322408437728882 0.7341720461845398
vt 0.898733913898468 0.7986499667167664
vt 0.9432297348976135 0.8314105272293091
vt 0.8419498801231384 0.8992531299591064
vt 0.8665391802787781 0.7828482389450073
vt 0.7636699080467224 0.8670884966850281
vt 0.8349525928497314 0.7729321122169495
vt 0.8665391802787781 0.7828482389450073
vt 0.8419498205184937 0.8992531895637512
vt 0.9239919781684875 0.5680299401283264
vt 0.9124782085418701 0.652313232421875
vt 0.9718114733695984 0.5658664107322693
vt 0.924604594707489 0.4807525873184204
vt 0.9101198315620422 0.565875232219696
vt 0.8879329562187195 0.6478508114814758
vt 0.9124782085418701 0.652313232421875
vt 0.9322408437728882 0.7341720461845398
vt 0.898733913898468 0.7986499667167664
vt 0.9432297348976135 0.8314105272293091
vt 0.9921623468399048 0.752074122428894
vt 0.9414359331130981 0.6576015949249268
vt 1.0 0.666004478931427
vt 0.9745070338249207 0.47636568546295166
vt 0.9272480607032776 0.37814104557037354
vt 0.9745070338249207 0.47636568546295166
vt 0.9718114733695984 0.5658664107322693
vt 0.9239919781684875 0.5680299401283264
vt 1.0 0.6649313569068909
vt 0.9929996728897095 0.7515725493431091
vt 0.9438979029655457 0.6570676565170288
vt 0.9335353970527649 0.7336627244949341
vt 0.912981390953064 0.6524173021316528
vt 0.9236273765563965 0.5672445893287659
vt 0.9713833332061768 0.5645081996917725
vt 0.9242565035820007 0.47918838262557983
vt 0.9737275838851929 0.47798168659210205
vt 0.9282726645469666 0.3795393705368042
vt 0.9737275838851929 0.47798168659210205
vt 0.9713833332061768 0.5645081996917725
vt 0.9236273765563965 0.5672445893287659
vt 1.0 0.6649313569068909
vt 0.8971031904220581 0.797405481338501
vt 0.8672516942024231 0.7828415632247925
vt 0.8877094984054565 0.6481607556343079
vt 0.9095898866653442 0.5663575530052185
vt 0.912981390953064 0.6524173021316528
vt 0.9438979029655457 0.6570676565170288
vt 0.9929996728897095 0.7515725493431091
vt 0.9335353970527649 0.7336627244949341
vt 0.8971031904220581 0.797405481338501
vt 0.943638265132904 0.8300955891609192
vt 0.842729389667511 0.9000362157821655
vt 0.943638265132904 0.8300955891609192
vt 0.842729389667511 0.9000362157821655
vt 0.7647371292114258 0.8676096200942993
vt 0.8343938589096069 0.7733807563781738
vt 0.8672516942024231 0.7828415632247925
vt 0.9426546692848206 0.6561833620071411
vt 0.9919654726982117 0.7518750429153442
vt 1.0 0.6659315824508667
vt 0.9338714480400085 0.7344524264335632
vt 0.8981882333755493 0.7990012168884277
vt 0.9429664015769958 0.8318495750427246
vt 0.8419498801231384 0.8992531299591064
vt 0.8667575120925903 0.7826778888702393
vt 0.7636699080467224 0.8670884966850281
vt 0.8349525928497314 0.7729321122169495
vt 0.8667575120925903 0.7826780676841736
vt 0.8419498205184937 0.8992531895637512
vt 0.9239937663078308 0.5685440897941589
vt 0.9128695130348206 0.6521265506744385
vt 0.9716034531593323 0.5658160448074341
vt 0.924604594707489 0.4807525873184204
vt 0.9101198315620422 0.565875232219696
vt 0.8879329562187195 0.6478508114814758
vt 0.9128693342208862 0.6521267294883728
vt 0.9338710904121399 0.7344527244567871
vt 0.8981879353523254 0.7990013957023621
vt 0.9429661631584167 0.8318497538566589
vt 0.9919651746749878 0.7518752813339233
vt 0.9426541924476624 0.656183660030365
vt 1.0 0.6659318804740906
vt 0.9741492867469788 0.47636985778808594
vt 0.9272480607032776 0.37814104557037354
vt 0.9741491079330444 0.47637009620666504
vt 0.9716031551361084 0.5658162832260132
vt 0.9239935874938965 0.5685442090034485
vt 1.0 0.6649313569068909
vt 0.9929996728897095 0.7515725493431091
vt 0.9438979029655457 0.6570676565170288
vt 0.9335353970527649 0.7336627244949341
vt 0.912981390953064 0.6524173021316528
vt 0.9236273765563965 0.5672445893287659
vt 0.9713833332061768 0.5645081996917725
vt 0.9242565035820007 0.47918838262557983
vt 0.973727822303772 0.47798144817352295
vt 0.9282726645469666 0.3795393705368042
vt 0.9737275838851929 0.47798168659210205
vt 0.9713833332061768 0.5645081996917725
vt 0.9236273765563965 0.5672445893287659
vt 1.0 0.6649313569068909
vt 0.8971031904220581 0.797405481338501
vt 0.8672516942024231 0.7828415632247925
vt 0.8877094984054565 0.6481607556343079
vt 0.9095898866653442 0.5663575530052185
vt 0.912981390953064 0.6524173021316528
vt 0.9438979029655457 0.6570676565170288
vt 0.9929996728897095 0.7515725493431091
vt 0.9335353970527649 0.7336627244949341
vt 0.8971031904220581 0.797405481338501
vt 0.943638265132904 0.8300955891609192
vt 0.842729389667511 0.9000362157821655
vt 0.943638265132904 0.8300955891609192
vt 0.842729389667511 0.9000362157821655
vt 0.7647371292114258 0.8676096200942993
vt 0.8343938589096069 0.7733807563781738
vt 0.8672516942024231 0.7828415632247925
vt 0.9426546692848206 0.6561833620071411
vt 0.9919654726982117 0.7518750429153442
vt 1.0 0.6659315824508667
vt 0.9338714480400085 0.7344524264335632
vt 0.8984556198120117 0.7988201975822449
vt 0.9428144097328186 0.8316178321838379
vt 0.8425397276878357 0.8996294736862183
vt 0.837797224521637 0.865638792514801
vt 0.793197751045227 0.895739734172821
vt 0.8127403259277344 0.9543981552124023
vt 0.7633967399597168 0.9975016713142395
vt 0.7391941547393799 0.8710895776748657
vt 0.9239937663078308 0.5685440897941589
vt 0.9128695130348206 0.6521265506744385
vt 0.867218017578125 0.7835378646850586
vt 0.8349525928497314 0.7729321122169495
vt 0.7636699080467224 0.8670884966850281
vt 0.7931975722312927 0.8957398533821106
vt 0.7633966207504272 0.9975016713142395
vt 0.8127400875091553 0.9543983340263367
vt 0.8425394892692566 0.8996295928955078
vt 0.9716034531593323 0.5658160448074341
vt 0.924604594707489 0.4807525873184204
vt 0.9101198315620422 0.565875232219696
vt 0.8879329562187195 0.6478508114814758
vt 0.8672177791595459 0.7835380434989929
vt 0.9741492867469788 0.47636985778808594
vt 0.9272480607032776 0.37814104557037354
vt 0.9741491079330444 0.47637009620666504
vt 0.9716031551361084 0.5658162832260132
vt 0.9239935874938965 0.5685442090034485
vt 0.9128693342208862 0.6521267294883728
vt 0.9338710904121399 0.7344527244567871
vt 0.8984553813934326 0.7988203763961792
vt 0.8377969264984131 0.8656389117240906
vt 0.94281405210495 0.8316181302070618
vt 0.9919651746749878 0.7518752813339233
vt 1.0 0.6659318804740906
vt 0.9426541924476624 0.656183660030365
vt 0.9929996728897095 0.7515725493431091
vt 0.9438979029655457 0.6570676565170288
vt 1.0 0.6649313569068909
vt 0.9335353970527649 0.7336627244949341
vt 0.912981390953064 0.6524173021316528
vt 0.9236274361610413 0.5672444701194763
vt 0.9713834524154663 0.5645081996917725
vt 0.9242565035820007 0.47918838262557983
vt 0.9737275838851929 0.47798168659210205
vt 0.9282726645469666 0.3795393705368042
vt 0.9737275838851929 0.47798168659210205
vt 0.9713833332061768 0.5645081996917725
vt 0.9236273765563965 0.5672445893287659
vt 1.0 0.6649313569068909
vt 0.8971031904220581 0.797405481338501
vt 0.8672516942024231 0.7828415632247925
vt 0.8877094984054565 0.6481607556343079
vt 0.9095898866653442 0.5663575530052185
vt 0.912981390953064 0.6524173021316528
vt 0.9438979029655457 0.6570676565170288
vt 0.9929996728897095 0.7515725493431091
vt 0.9335353970527649 0.7336627244949341
vt 0.8971031904220581 0.797405481338501
vt 0.943638265132904 0.8300955891609192
vt 0.842729389667511 0.9000362157821655
vt 0.943638265132904 0.8300955891609192
vt 0.8427294492721558 0.900036096572876
vt 0.8379870057106018 0.8660454154014587
vt 0.7933874726295471 0.8961463570594788
vt 0.8343938589096069 0.7733807563781738
vt 0.8672516942024231 0.7828415632247925
vt 0.8129300475120544 0.9548049569129944
vt 0.7635865807533264 0.9979082942008972
vt 0.7393838763237 0.8714961409568787
vt 0.7647371292114258 0.8676096200942993
vt 0.7933872938156128 0.8961464762687683
vt 0.8379868865013123 0.8660455346107483
vt 0.7635864615440369 0.9979084134101868
vt 0.8129299283027649 0.9548051357269287
vt 0.4538438618183136 0.9829368591308594
vt 0.5037162899971008 0.9648152589797974
vt 0.5037162899971008 0.9784307479858398
vt 0.4260721206665039 0.9603964686393738
vt 0.5037160515785217 0.9475982189178467
vt 0.5813604593276978 0.9603964686393738
vt 0.5535887479782104 0.9829367995262146
vt 0.40890029072761536 0.9973304867744446
vt 0.40316206216812134 0.9502426981925964
vt 0.5037160515785217 0.8649369478225708
vt 0.6042702198028564 0.9502426981925964
vt 0.5985323786735535 0.9973304271697998
vt 0.33706173300743103 0.9935771822929382
vt 0.3095555603504181 0.9388510584831238
vt 0.40503591299057007 0.874779462814331
vt 0.3876223862171173 0.7107577323913574
vt 0.5037162899971008 0.710767388343811
vt 0.619810163974762 0.7107577919960022
vt 0.6023966073989868 0.8747793436050415
vt 0.6978768110275269 0.938850998878479
vt 0.6703705787658691 0.9935771226882935
vt 0.2865821123123169 0.8779062628746033
vt 0.30843958258628845 0.7238379120826721
vt 0.38686683773994446 0.5437782406806946
vt 0.5037162899971008 0.5426580905914307
vt 0.62056565284729 0.5437782406806946
vt 0.6989929676055908 0.7238379120826721
vt 0.7208506464958191 0.8779062032699585
vt 0.2244236171245575 0.717734694480896
vt 0.15304753184318542 0.5527074337005615
vt 0.26814839243888855 0.5588105916976929
vt 0.36739298701286316 0.415616512298584
vt 0.5037164688110352 0.42569833993911743
vt 0.6400392055511475 0.415616512298584
vt 0.739284098148346 0.5588105916976929
vt 0.854385495185852 0.5527073740959167
vt 0.7830091714859009 0.717734694480896
vt 0.1151590421795845 0.42843037843704224
vt 0.24315844476222992 0.43453359603881836
vt 0.34944015741348267 0.2988905906677246
vt 0.5037164688110352 0.3090568780899048
vt 0.6579921841621399 0.2988905906677246
vt 0.7642740607261658 0.4345335364341736
vt 0.8922731876373291 0.42843031883239746
vt 0.08125870674848557 0.31638413667678833
vt 0.21036918461322784 0.3224872946739197
vt 0.33241546154022217 0.17001628875732422
vt 0.5037159323692322 0.17917287349700928
vt 0.6750166416168213 0.17001622915267944
vt 0.7970629930496216 0.3224872350692749
vt 0.9261734485626221 0.316383957862854
vt 0.047032225877046585 0.201521635055542
vt 0.17904989421367645 0.2076249122619629
vt 0.30602115392684937 0.0
vt 0.5037159323692322 0.005501866340637207
vt 0.7014109492301941 0.0
vt 0.8283826112747192 0.2076246738433838
vt 0.9604001641273499 0.20152145624160767
vt 0.008950179442763329 0.03871208429336548
vt 0.14596067368984222 0.039730608463287354
vt 0.9984819293022156 0.03871190547943115
vt 0.8614716529846191 0.03973054885864258
vn -0.20623992383480072 0.2606920599937439 0.9431356191635132
vn 2.1522399151763238e-07 0.6754792928695679 0.7373789548873901
vn 2.97239381552572e-07 0.2500985264778137 0.9682204127311707
vn -0.2681717276573181 0.8960570096969604 0.35378772020339966
vn -1.4673342718651838e-07 0.7821072936058044 -0.6231437921524048
vn 0.14987075328826904 0.6875585913658142 -0.7104941010475159
vn -2.0894344743283e-07 0.3036944270133972 -0.9527694582939148
vn 0.47540614008903503 0.2730572819709778 -0.8363185524940491
vn 0.629325270652771 0.6130779981613159 -0.47758251428604126
vn 0.8516320586204529 0.1850169599056244 -0.49039942026138306
vn 0.7494001984596252 0.401788592338562 -0.5262749195098877
vn 0.9797310829162598 0.17816226184368134 0.09157053381204605
vn -0.7286286950111389 0.2561206519603729 0.6352183818817139
vn -0.4521177113056183 0.8814927339553833 0.13623572885990143
vn -0.44357022643089294 0.8932689428329468 0.07291088998317719
vn 0.8175323009490967 0.534859299659729 0.2134629637002945
vn 0.41341790556907654 0.41635528206825256 0.8097739815711975
vn 0.5794638395309448 0.07207217067480087 0.8118049502372742
vn 0.3333471119403839 0.4135010540485382 0.8472877740859985
vn 0.5676990747451782 0.059186577796936035 0.8211057782173157
vn 0.3144874572753906 0.04038221389055252 0.9484022855758667
vn -0.5256378054618835 0.2999688684940338 0.7960675954818726
vn -0.9928126335144043 0.03718651086091995 -0.11375504732131958
vn -0.9603720903396606 0.25582635402679443 0.11062715947628021
vn -0.8628339767456055 0.27586525678634644 -0.42357510328292847
vn -0.5108709335327148 0.8447777032852173 0.1592528223991394
vn -0.7001128792762756 0.703895092010498 0.11989043653011322
vn -0.6925209760665894 0.6228869557380676 0.3639046549797058
vn -0.6977433562278748 0.24340206384658813 -0.6737281680107117
vn 0.20624011754989624 0.26069310307502747 0.9431352615356445
vn 2.97239381552572e-07 0.2500985264778137 0.9682204127311707
vn 2.1522399151763238e-07 0.6754792928695679 0.7373789548873901
vn 0.2681712508201599 0.8960575461387634 0.35378679633140564
vn 0.7286282181739807 0.25612375140190125 0.6352176666259766
vn 0.45211392641067505 0.8814951181411743 0.13623276352882385
vn 0.9603717923164368 0.25582724809646606 0.11062771826982498
vn 0.4435711205005646 0.8932687044143677 0.07290858775377274
vn 0.8628332018852234 0.27586132287979126 -0.42357924580574036
vn 0.5108727812767029 0.8447774052619934 0.15924875438213348
vn 0.6977407932281494 0.24340057373046875 -0.6737313270568848
vn 0.7001132369041443 0.7038943767547607 0.11989239603281021
vn 0.99281245470047 0.0371902734041214 -0.1137554794549942
vn -1.4673342718651838e-07 0.7821072936058044 -0.6231437921524048
vn -0.14987269043922424 0.6875579953193665 -0.710494339466095
vn -0.6293256282806396 0.6130769848823547 -0.4775834083557129
vn -0.8175301551818848 0.5348630547523499 0.21346181631088257
vn -0.41341590881347656 0.4163544476032257 0.8097754716873169
vn -0.333345890045166 0.41350170969963074 0.8472879528999329
vn 0.6925226449966431 0.6228886246681213 0.36389854550361633
vn 0.5256437659263611 0.2999737858772278 0.7960617542266846
vn -0.3144873082637787 0.04038233309984207 0.9484023451805115
vn -0.5676987767219543 0.059186819940805435 0.82110595703125
vn -0.5794625282287598 0.072071872651577 0.8118059039115906
vn -2.0894344743283e-07 0.3036944270133972 -0.9527694582939148
vn -0.4754069149494171 0.27305930852890015 -0.8363174200057983
vn -0.851630449295044 0.18501988053321838 -0.49040111899375916
vn -0.979731023311615 0.1781623661518097 0.09157132357358932
vn -0.7494000196456909 0.40178874135017395 -0.5262750387191772
vn -0.12076560407876968 0.12076584249734879 -0.9853076934814453
vn -0.43843334913253784 -0.11747390031814575 -0.8910533785820007
vn -0.5385510325431824 -0.0005115693784318864 -0.842592716217041
vn -0.8093374371528625 -0.08261124044656754 -0.5815052390098572
vn -0.8707693219184875 0.09462730586528778 -0.4825001657009125
vn -0.5115042328834534 0.2511104345321655 -0.8217706084251404
vn -0.31970909237861633 0.4761614203453064 -0.8191803097724915
vn -0.050375524908304214 0.5578796863555908 -0.8283915519714355
vn 0.1037260964512825 0.5627564787864685 -0.8200890421867371
vn -0.08805853873491287 0.8536139130592346 -0.5134091377258301
vn 0.06951621174812317 0.8892282247543335 -0.45215117931365967
vn -0.11024940758943558 0.9938991069793701 0.003103924449533224
vn 0.08527392894029617 0.9909192323684692 0.10395888984203339
vn -0.08946970850229263 0.8662446737289429 0.49154388904571533
vn 0.0984005555510521 0.8029794692993164 0.5878275632858276
vn -0.9927408695220947 -0.0606587789952755 -0.10385632514953613
vn -0.9937506914138794 0.11156924068927765 -0.0034507911186665297
vn -0.7525084018707275 0.44623443484306335 -0.48436135053634644
vn -0.4479195773601532 0.7498819828033447 -0.48687276244163513
vn -0.5095298886299133 0.8604528903961182 0.0002634755801409483
vn -0.4434906542301178 0.755527138710022 0.48217707872390747
vn -0.25556594133377075 0.5078082084655762 0.8226888179779053
vn 0.005439253523945808 0.5310439467430115 0.8473268151283264
vn 0.11747574806213379 0.4384342432022095 0.8910526633262634
vn -0.12076438963413239 0.12076573073863983 0.9853078722953796
vn -0.8921202421188354 -0.046477094292640686 0.44940105080604553
vn -0.8587628602981567 0.08510767668485641 0.505255401134491
vn -0.8543511629104614 0.5196959972381592 -0.00046688943984918296
vn -0.742342472076416 0.4592294692993164 0.48788926005363464
vn -0.47254452109336853 0.32708626985549927 0.8183619379997253
vn -0.5708595514297485 -0.09880802780389786 0.8150805830955505
vn -0.566469132900238 0.04692530259490013 0.8227458596229553
vn 0.764082133769989 0.5896545052528381 0.26169830560684204
vn 0.8218631148338318 0.5585540533065796 -0.11206425726413727
vn 0.3213847577571869 0.9164531826972961 0.23838083446025848
vn 0.9914721250534058 0.08050805330276489 0.10247690230607986
vn 0.9684482216835022 -0.12653657793998718 -0.21470096707344055
vn 0.8573505282402039 -0.47579506039619446 0.1963903158903122
vn 0.6752837300300598 -0.7374979257583618 -0.009417088702321053
vn 0.44029051065444946 -0.7533822655677795 0.48842546343803406
vn 0.11408787965774536 -0.9164487719535828 0.3835434317588806
vn -0.015416651032865047 -0.5896517038345337 0.807510495185852
vn -0.3863976001739502 -0.5585533380508423 0.7339721322059631
vn -0.24280722439289093 -0.08051025867462158 0.9667278528213501
vn -0.5329821705818176 0.12653666734695435 0.836611270904541
vn 0.3083808720111847 0.753385603427887 0.5807850956916809
vn 0.5735763907432556 -2.8577912303262565e-07 0.8191520571708679
vn -0.10868456959724426 0.47579678893089294 0.8728144764900208
vn -0.23980939388275146 0.7375028133392334 0.6313327550888062
vn 0.5585557222366333 0.6557245850563049 0.5079771280288696
vn 0.08051001280546188 0.9098789095878601 0.40698716044425964
vn -0.1265375316143036 0.7313527464866638 0.670157790184021
vn 0.5896552801132202 0.7925630807876587 0.15540426969528198
vn 1.0206412781599283e-07 0.9063078165054321 -0.42261818051338196
vn -0.4757955074310303 0.8406835198402405 0.2585920989513397
vn -0.7375006675720215 0.5801057815551758 0.3457890748977661
vn -0.7533831000328064 0.6255130171775818 -0.20284824073314667
vn -0.9164485931396484 0.2905721962451935 -0.27511781454086304
vn -0.5896521210670471 0.39040428400039673 -0.7070324420928955
vn -0.5585535764694214 0.032359056174755096 -0.828836977481842
vn -0.08051010966300964 0.27308833599090576 -0.9586140513420105
vn 0.12653666734695435 -0.0432669036090374 -0.9910178780555725
vn 0.9164522886276245 0.3975200057029724 -0.045749444514513016
vn 0.7533873915672302 0.5574581623077393 -0.34878048300743103
vn 0.47579702734947205 0.34228456020355225 -0.810221254825592
vn 0.7375028133392334 0.1079869195818901 -0.666654646396637
vn -0.6713345050811768 0.7356882691383362 0.08984863758087158
vn -0.031981516629457474 0.9973384141921997 -0.06552338600158691
vn -0.3163517713546753 0.9007835388183594 -0.2975073456764221
vn 0.20979563891887665 0.8226056098937988 -0.5284938812255859
vn -0.34283196926116943 0.3113900423049927 -0.8862857818603516
vn -0.7882367968559265 0.5703393220901489 -0.2310752123594284
vn -0.9936599135398865 0.11233804374933243 -0.004488380625844002
vn -0.9294503927230835 0.024852653965353966 -0.3681090772151947
vn -0.8101531267166138 -0.5075795650482178 -0.29328304529190063
vn -0.6572726368904114 -0.41615527868270874 -0.6283370852470398
vn -0.2283014953136444 -0.7609233260154724 -0.6073500514030457
vn -0.13113759458065033 -0.4943391978740692 -0.8593204617500305
vn 0.411048024892807 -0.4992779493331909 -0.7627326250076294
vn 0.5498732328414917 0.7440026998519897 -0.379604309797287
vn 0.4819732904434204 0.381597101688385 -0.788723886013031
vn 0.34075409173965454 -0.16389645636081696 -0.9257562160491943
vn 0.7333766222000122 0.12408532947301865 -0.6684022545814514
vn 0.1511625349521637 -0.6584299802780151 -0.7373058199882507
vn 0.17471562325954437 -0.6339516043663025 -0.7533789277076721
vn 0.2291809767484665 -0.49141278862953186 -0.8402318358421326
vn 0.2521597445011139 -0.8330414891242981 -0.4923996329307556
vn 0.22348220646381378 -0.8101774454116821 -0.5419116020202637
vn 0.3096195161342621 -0.9508605599403381 2.584404512617766e-08
vn 0.29415035247802734 -0.7880844473838806 -0.5407388210296631
vn 0.554714024066925 -0.8320410847663879 8.281953682853782e-07
vn 0.2941489517688751 -0.7880839705467224 0.5407403111457825
vn 0.2234794646501541 -0.8101772665977478 0.5419130325317383
vn 0.25216028094291687 -0.8330414295196533 0.4923994243144989
vn 0.1747167855501175 -0.6339510083198547 0.7533791661262512
vn 0.26181018352508545 -0.6400715708732605 -0.7223321795463562
vn 0.31183961033821106 -0.8476762175559998 -0.4291865825653076
vn 0.4025292992591858 -0.915407121181488 -1.634047521292814e-06
vn 0.31184178590774536 -0.8476758599281311 0.4291856586933136
vn 0.15116482973098755 -0.6584295630455017 0.7373057007789612
vn 0.22918327152729034 -0.4914129078388214 0.8402311205863953
vn 0.26181259751319885 -0.6400721073150635 0.7223308086395264
vn 0.3770882189273834 -0.5577505230903625 0.7394043803215027
vn 0.42350637912750244 -0.4634367525577545 0.7783756852149963
vn 0.5117508172988892 -0.5536243915557861 0.6569711565971375
vn 0.37708720564842224 -0.5577495694160461 -0.739405632019043
vn 0.3139468729496002 -0.806580126285553 -0.5008651614189148
vn 0.3009786903858185 -0.9536308646202087 -5.589242277892481e-07
vn 0.31394681334495544 -0.8065812587738037 0.5008633732795715
vn 0.4235028028488159 -0.4634409546852112 -0.7783751487731934
vn 0.5117521286010742 -0.5536218881607056 -0.6569722890853882
vn 0.3667624592781067 -0.9303146004676819 -3.431222239669296e-07
vn 0.20080319046974182 -0.9796316027641296 6.326409334178607e-07
vn -0.17471840977668762 0.6339519023895264 0.7533780336380005
vn -0.15116335451602936 0.6584301590919495 0.7373054623603821
vn -0.22917993366718292 0.4914132058620453 0.8402318954467773
vn -0.25216031074523926 0.8330418467521667 0.4923987090587616
vn -0.311838835477829 0.847676157951355 0.42918723821640015
vn -0.2618091404438019 0.6400734186172485 0.7223309278488159
vn -0.3770856261253357 0.5577526092529297 0.7394040822982788
vn -0.42350518703460693 0.4634369909763336 0.7783762216567993
vn -0.5117519497871399 0.553625226020813 0.6569696068763733
vn -0.3139452338218689 0.8065823316574097 0.5008625984191895
vn -0.3667583167552948 0.9303162693977356 8.126555712806294e-07
vn -0.20080311596393585 0.9796316027641296 -4.842437988372694e-07
vn -0.3139457702636719 0.8065828680992126 -0.500861406326294
vn -0.5117474794387817 0.5536299347877502 -0.6569690704345703
vn -0.22348372638225555 0.8101783990859985 0.5419095754623413
vn -0.3096206784248352 0.9508601427078247 5.513388714462053e-07
vn -0.4025273323059082 0.9154079556465149 1.4505039871437475e-06
vn -0.3009788691997528 0.953630805015564 3.4674005178203515e-07
vn -0.29415079951286316 0.7880848050117493 0.540738046169281
vn -0.5547152161598206 0.8320403099060059 1.4403394743567333e-07
vn -0.2941513657569885 0.7880846858024597 -0.5407379269599915
vn -0.22348301112651825 0.8101783394813538 -0.5419099926948547
vn -0.2521599531173706 0.8330424427986145 -0.49239784479141235
vn -0.31184089183807373 0.8476763963699341 -0.4291852116584778
vn -0.17471659183502197 0.6339516639709473 -0.753378689289093
vn -0.15116378664970398 0.6584300398826599 -0.7373055219650269
vn -0.261812686920166 0.6400725841522217 -0.7223303914070129
vn -0.37708669900894165 0.5577526092529297 -0.7394036054611206
vn -0.4235040545463562 0.46343913674354553 -0.7783755660057068
vn -0.22918304800987244 0.4914121627807617 -0.8402316570281982
vn 0.3164263963699341 -0.5968709588050842 -0.7373055219650269
vn 0.33284130692481995 -0.5671310424804688 -0.7533784508705139
vn 0.34855911135673523 -0.41535279154777527 -0.8402312994003296
vn 0.4591747522354126 -0.7393926978111267 -0.4923991858959198
vn 0.4255543649196625 -0.7247312068939209 -0.5419116020202637
vn 0.5451710820198059 -0.8383248448371887 -9.476145805820124e-07
vn 0.48809701204299927 -0.6850993633270264 -0.5407403707504272
vn 0.7511616349220276 -0.6601183414459229 -2.1245016341708833e-06
vn 0.4881002604961395 -0.6850990653038025 0.5407378077507019
vn 0.4255569279193878 -0.7247301936149597 0.5419109463691711
vn 0.4591752886772156 -0.7393930554389954 0.4923981726169586
vn 0.33284226059913635 -0.5671305060386658 0.7533783912658691
vn 0.41855165362358093 -0.5505026578903198 -0.7223305106163025
vn 0.5206085443496704 -0.7380822896957397 -0.42918676137924194
vn 0.6257374882698059 -0.7800337076187134 -1.078318405234313e-06
vn 0.5206097960472107 -0.7380820512771606 0.4291856586933136
vn 0.31642788648605347 -0.596870481967926 0.737305223941803
vn 0.34856048226356506 -0.41535264253616333 0.8402307629585266
vn 0.41855376958847046 -0.5505015254020691 0.7223301529884338
vn 0.5375641584396362 -0.4215202033519745 0.7303050756454468
vn 0.5559905767440796 -0.3237419128417969 0.7655492424964905
vn 0.6907714605331421 -0.297848105430603 0.6588788032531738
vn 0.5375643372535706 -0.42151910066604614 -0.7303056120872498
vn 0.5367292165756226 -0.6680944561958313 -0.5153363347053528
vn 0.5375407338142395 -0.8432377576828003 -8.797881037025945e-07
vn 0.5367295742034912 -0.6680949330329895 0.5153353810310364
vn 0.555990993976593 -0.32374003529548645 -0.7655497789382935
vn 0.6907723546028137 -0.29784467816352844 -0.6588794589042664
vn 0.6673622727394104 -0.7447332143783569 -8.67810911131528e-07
vn 0.44480443000793457 -0.8956277370452881 -1.0155017804436284e-07
vn -0.33284321427345276 0.5671299695968628 0.7533783912658691
vn -0.3164260685443878 0.5968710780143738 0.7373055815696716
vn -0.3485587239265442 0.41535162925720215 0.8402320146560669
vn -0.4591772258281708 0.7393921613693237 0.4923977553844452
vn -0.5206087827682495 0.7380825281143188 0.429186075925827
vn -0.41855135560035706 0.5505014061927795 0.7223315834999084
vn -0.5375651121139526 0.42151519656181335 0.7303072810173035
vn -0.5559908747673035 0.3237402141094208 0.7655497789382935
vn -0.6908095479011536 0.2979668378829956 0.6587851643562317
vn -0.5369935035705566 0.667936384677887 0.5152658820152283
vn -0.6683313846588135 0.7438636422157288 6.898084166095941e-07
vn -0.4458516240119934 0.895106852054596 -4.6866524883171223e-08
vn -0.5369934439659119 0.6679366827011108 -0.5152655839920044
vn -0.6908086538314819 0.2979698181152344 -0.658784806728363
vn -0.4255547821521759 0.7247310280799866 0.5419115424156189
vn -0.5451706647872925 0.8383250832557678 1.9813757035080926e-07
vn -0.6257380247116089 0.7800332903862 -4.129729518353997e-07
vn -0.537540078163147 0.8432382345199585 8.17685361198528e-07
vn -0.4880963861942291 0.6850999593734741 0.5407402515411377
vn -0.7511616349220276 0.6601183414459229 2.052484887826722e-06
vn -0.4881000816822052 0.6850991249084473 -0.5407379269599915
vn -0.42555585503578186 0.7247310280799866 -0.5419106483459473
vn -0.45917513966560364 0.739393413066864 -0.49239781498908997
vn -0.5206090807914734 0.7380822896957397 -0.4291861355304718
vn -0.3328433632850647 0.5671316385269165 -0.7533770799636841
vn -0.3164290487766266 0.5968705415725708 -0.7373046875
vn -0.4185534119606018 0.5505004525184631 -0.722331166267395
vn -0.5375644564628601 0.4215168356895447 -0.7303068041801453
vn -0.5559908747673035 0.323740690946579 -0.7655495405197144
vn -0.34856170415878296 0.4153521955013275 -0.8402305245399475
vn 0.4809357225894928 -0.5247674584388733 -0.70236736536026
vn 0.498002827167511 -0.49442145228385925 -0.7124188542366028
vn 0.4247821271419525 -0.40657544136047363 -0.808861255645752
vn 0.6401424407958984 -0.6183375120162964 -0.45593464374542236
vn 0.6198288202285767 -0.6095042824745178 -0.49428415298461914
vn 0.7410337924957275 -0.6714677214622498 -1.2702170124612167e-06
vn 0.6714884638786316 -0.5531673431396484 -0.49306103587150574
vn 0.8964158892631531 -0.4432138204574585 -2.360927737754537e-06
vn 0.6714910864830017 -0.5531671643257141 0.49305760860443115
vn 0.6198325753211975 -0.6095028519630432 0.49428117275238037
vn 0.6401443481445312 -0.6183367967605591 0.4559329152107239
vn 0.49800556898117065 -0.4944201111793518 0.7124178409576416
vn 0.5042005777359009 -0.4870367646217346 -0.7131458520889282
vn 0.675314724445343 -0.6105670928955078 -0.4137122333049774
vn 0.7965484857559204 -0.6045746207237244 -5.330164043471086e-08
vn 0.6753165125846863 -0.6105658411979675 0.41371116042137146
vn 0.480939120054245 -0.5247659683227539 0.7023661732673645
vn 0.42478328943252563 -0.4065752327442169 0.8088607788085938
vn 0.5042025446891785 -0.4870382249355316 0.7131434679031372
vn 0.501255989074707 -0.48226815462112427 0.7184426784515381
vn 0.4492218792438507 -0.4154157340526581 0.7909674048423767
vn 0.6518161296844482 -0.4657931923866272 0.5984750986099243
vn 0.4466681480407715 -0.44897615909576416 -0.7738914489746094
vn 0.5987395644187927 -0.6646380424499512 -0.4469532370567322
vn 0.7060076594352722 -0.7082042098045349 4.2513531184340536e-07
vn 0.6173871159553528 -0.6336473226547241 0.4661804437637329
vn 0.4389626383781433 -0.42265382409095764 -0.7928906083106995
vn 0.6493294835090637 -0.33620503544807434 -0.6821564435958862
vn 0.6167874932289124 -0.4809796214103699 -0.6230824589729309
vn 0.565233588218689 -0.6015814542770386 -0.5644561648368835
vn 0.6141350269317627 -0.7892009615898132 8.706529115443118e-07
vn 0.5385534763336182 -0.6102955937385559 0.5809470415115356
vn 0.6325023174285889 -0.5415847897529602 0.5537388920783997
vn 0.6890006065368652 -0.37818560004234314 -0.6182668209075928
vn 0.5412660241127014 -0.41367092728614807 -0.7320569753646851
vn 0.23636175692081451 -0.9716651439666748 -1.6443387096387596e-07
vn 0.09345243126153946 -0.995623767375946 -1.9455461242046113e-08
vn 0.5412655472755432 -0.41367170214653015 0.7320569157600403
vn 0.6807663440704346 -0.38083675503730774 0.6257160305976868
vn -0.42478108406066895 0.40657469630241394 0.8088622093200684
vn -0.49800464510917664 0.49442124366760254 0.712417721748352
vn -0.48093628883361816 0.5247660875320435 0.7023680210113525
vn -0.6401411294937134 0.618338942527771 0.4559344947338104
vn -0.6753147840499878 0.6105667352676392 0.4137127697467804
vn -0.5041990876197815 0.48703935742378235 0.7131451368331909
vn -0.4466682970523834 0.4489792585372925 0.7738895416259766
vn -0.43896085023880005 0.42264872789382935 0.7928943037986755
vn -0.6493305563926697 0.33620336651802063 0.6821562051773071
vn -0.6167894601821899 0.48098236322402954 0.623078465461731
vn -0.5652315020561218 0.6015833616256714 0.5644562244415283
vn -0.688999354839325 0.3781859576702118 0.6182679533958435
vn -0.5412637591362 0.41367217898368835 0.7320579886436462
vn -0.23635010421276093 0.9716679453849792 -1.3859448699804489e-06
vn -0.6198297142982483 0.6095045208930969 0.49428266286849976
vn -0.7410350441932678 0.6714663505554199 4.1218930846298463e-07
vn -0.796547532081604 0.6045758724212646 -7.665283874302986e-07
vn -0.70600825548172 0.7082036137580872 -3.687920582251536e-07
vn -0.598739504814148 0.6646400094032288 0.44695040583610535
vn -0.6141351461410522 0.7892009019851685 -3.4389444181215367e-07
vn -0.09344314783811569 0.9956246018409729 -1.6537156852791668e-06
vn -0.5612823367118835 0.5993779897689819 -0.5707084536552429
vn -0.5412647724151611 0.4136722683906555 -0.7320571541786194
vn -0.6807662844657898 0.38083794713020325 -0.6257153749465942
vn -0.6533800363540649 0.33369213342666626 -0.6795175671577454
vn -0.671493649482727 0.5531643629074097 0.4930572807788849
vn -0.896418035030365 0.4432094991207123 3.124751515315438e-07
vn -0.6714934706687927 0.5531651377677917 -0.49305662512779236
vn -0.6198340654373169 0.6095023155212402 -0.4942799210548401
vn -0.6401436924934387 0.6183375120162964 -0.4559328556060791
vn -0.6753159761428833 0.6105663180351257 -0.41371142864227295
vn -0.6021523475646973 0.6597875952720642 -0.4495473802089691
vn -0.4980056583881378 0.4944206476211548 -0.7124174237251282
vn -0.48093855381011963 0.5247665047645569 -0.7023661732673645
vn -0.5042025446891785 0.4870379567146301 -0.7131435871124268
vn -0.4596807658672333 0.444542795419693 -0.768814206123352
vn -0.6254321932792664 0.4710214138031006 -0.6220718622207642
vn -0.4247835576534271 0.4065744876861572 -0.8088610172271729
vn -0.4492219090461731 0.41541415452957153 -0.7909682393074036
vn 0.12076456844806671 0.1207653135061264 -0.9853078722953796
vn 0.5385510921478271 -0.0005130416830070317 -0.842592716217041
vn 0.43843403458595276 -0.11747466772794724 -0.8910529017448425
vn 0.5115033388137817 0.2511107623577118 -0.8217710852622986
vn 0.8707702159881592 0.09462523460388184 -0.48249900341033936
vn 0.8093374967575073 -0.08261507749557495 -0.5815045833587646
vn 0.31970876455307007 0.47615981101989746 -0.8191813826560974
vn 0.7525091171264648 0.44623327255249023 -0.4843613803386688
vn 0.9937508702278137 0.11156740039587021 -0.0034489405807107687
vn 0.9927409291267395 -0.060660671442747116 -0.10385462641716003
vn 0.050374213606119156 0.557878315448761 -0.8283925652503967
vn 0.4479195475578308 0.7498814463615417 -0.48687365651130676
vn 0.8543527722358704 0.5196933150291443 -0.00046652910532429814
vn 0.8587624430656433 0.08510613441467285 0.5052564144134521
vn 0.8921203017234802 -0.046476952731609344 0.44940096139907837
vn -0.10372968018054962 0.5627557039260864 -0.8200891017913818
vn 0.08805563300848007 0.8536144495010376 -0.5134087800979614
vn 0.5095297694206238 0.8604530096054077 0.0002634327975101769
vn 0.7423450350761414 0.4592250883579254 0.48788952827453613
vn 0.566469669342041 0.046922117471694946 0.8227456212043762
vn 0.5708592534065247 -0.09880498051643372 0.8150811195373535
vn -0.06951816380023956 0.8892274498939514 -0.4521523416042328
vn 0.11024787276983261 0.9938992857933044 0.0031039307359606028
vn 0.4434897005558014 0.7555273771286011 0.48217761516571045
vn 0.4725468158721924 0.32708218693733215 0.8183622360229492
vn 0.12076526880264282 0.12076497077941895 0.9853078722953796
vn -0.08527389913797379 0.9909191131591797 0.10395979136228561
vn 0.08946790546178818 0.8662444353103638 0.49154460430145264
vn 0.2555650770664215 0.5078082084655762 0.8226890563964844
vn -0.005439708940684795 0.5310443639755249 0.8473265767097473
vn -0.11747737228870392 0.4384334981441498 0.8910528421401978
vn -0.09840141981840134 0.8029791712760925 0.5878278613090515
vn -0.7640843987464905 0.5896540284156799 0.2616928517818451
vn -0.3213910758495331 0.9164520502090454 0.23837660253047943
vn -0.821861743927002 0.5585567355155945 -0.11206112056970596
vn -0.30838656425476074 0.753386378288269 0.580781102180481
vn 0.23980799317359924 0.7375065684318542 0.6313289403915405
vn 0.1086847260594368 0.47579821944236755 0.8728136420249939
vn 0.5329780578613281 0.1265377700328827 0.8366137742996216
vn 0.24280667304992676 -0.08051241934299469 0.9667277932167053
vn 0.3863924443721771 -0.5585624575614929 0.7339679002761841
vn 0.015419327653944492 -0.5896564722061157 0.8075069785118103
vn -0.11407896131277084 -0.9164566397666931 0.38352733850479126
vn -0.44028612971305847 -0.7533883452415466 0.4884200394153595
vn -0.675277054309845 -0.7375040054321289 -0.009422717615962029
vn -0.9914721250534058 0.08051008731126785 0.10247538238763809
vn -0.5735772252082825 2.2454099735114141e-07 0.8191514611244202
vn -0.8573508262634277 -0.4757964611053467 0.19638557732105255
vn -0.9684471487998962 -0.12653875350952148 -0.21470457315444946
vn -0.5585566759109497 0.6557250618934631 0.5079754590988159
vn 0.12653861939907074 0.7313514947891235 0.6701589226722717
vn -0.08050783723592758 0.9098787903785706 0.40698787569999695
vn 0.4757976531982422 0.8406813740730286 0.2585950493812561
vn 1.761625526341959e-06 0.9063078761100769 -0.4226181209087372
vn -0.5896559357643127 0.7925625443458557 0.15540434420108795
vn -0.9164555668830872 0.39751291275024414 -0.04574581980705261
vn -0.7533892393112183 0.5574575066566467 -0.34877750277519226
vn -0.7375054359436035 0.10798534005880356 -0.6666520237922668
vn -0.4757936894893646 0.3422852158546448 -0.8102229237556458
vn -0.12653334438800812 -0.04326809197664261 -0.9910182356834412
vn 0.08051185309886932 0.2730879783630371 -0.9586139917373657
vn 0.5585560202598572 0.032359812408685684 -0.8288353085517883
vn 0.7375037670135498 0.5800988674163818 0.34579405188560486
vn 0.7533873319625854 0.6255086660385132 -0.2028457373380661
vn 0.5896547436714172 0.39040330052375793 -0.7070308327674866
vn 0.9164522290229797 0.290566623210907 -0.27511152625083923
vn 0.6713305115699768 0.7356923818588257 0.08984439820051193
vn 0.3163433372974396 0.9007867574691772 -0.29750654101371765
vn 0.03197929635643959 0.9973382353782654 -0.06552708894014359
vn 0.7882319092750549 0.5703463554382324 -0.23107469081878662
vn 0.3428306579589844 0.31139159202575684 -0.8862857222557068
vn -0.2097960263490677 0.822607159614563 -0.5284913778305054
vn -0.5498735904693604 0.7440027594566345 -0.37960365414619446
vn -0.48197418451309204 0.3815952241420746 -0.7887242436408997
vn -0.7333775162696838 0.12408394366502762 -0.6684015393257141
vn -0.3407535254955292 -0.16389934718608856 -0.9257559180259705
vn -0.4110466241836548 -0.4992755353450775 -0.7627349495887756
vn 0.13113604485988617 -0.4943389594554901 -0.859320878982544
vn 0.2283044159412384 -0.7609239816665649 -0.6073481440544128
vn 0.9936607480049133 0.11233057081699371 -0.004491064697504044
vn 0.9294516444206238 0.024845244362950325 -0.3681063950061798
vn 0.6572747230529785 -0.4161602556705475 -0.6283316016197205
vn 0.8101497888565063 -0.5075912475585938 -0.2932719886302948
vn -0.15116454660892487 -0.6584303379058838 -0.7373051047325134
vn -0.22918179631233215 -0.4914117753505707 -0.8402321934700012
vn -0.17471611499786377 -0.6339510083198547 -0.7533793449401855
vn -0.261811763048172 -0.6400724053382874 -0.7223308682441711
vn -0.37708744406700134 -0.5577501058578491 -0.73940509557724
vn -0.42350488901138306 -0.4634372293949127 -0.7783762216567993
vn -0.5117509961128235 -0.5536245703697205 -0.6569709181785583
vn -0.3139461576938629 -0.8065813779830933 -0.5008634924888611
vn -0.3667614459991455 -0.9303150177001953 -9.029510579239286e-07
vn -0.20080359280109406 -0.9796315431594849 -4.920540845887444e-07
vn -0.313946932554245 -0.8065816164016724 0.5008626580238342
vn -0.5117523074150085 -0.5536251068115234 0.656969428062439
vn -0.25216013193130493 -0.8330416083335876 -0.4923991560935974
vn -0.31184104084968567 -0.8476762771606445 -0.4291853606700897
vn -0.22348065674304962 -0.8101778626441956 -0.5419116020202637
vn -0.3096197843551636 -0.9508604407310486 -1.2318990911808214e-06
vn -0.4025287628173828 -0.9154073596000671 -1.7997464283325826e-06
vn -0.3009788990020752 -0.953630805015564 -1.5629176459697192e-06
vn -0.31184113025665283 -0.847676157951355 0.42918556928634644
vn -0.26181209087371826 -0.6400724649429321 0.7223307490348816
vn -0.3770878314971924 -0.5577512383460999 0.739404022693634
vn -0.4235069751739502 -0.463437020778656 0.7783752083778381
vn -0.22918196022510529 -0.49141377210617065 0.8402310013771057
vn -0.15116415917873383 -0.6584296822547913 0.737305760383606
vn -0.17471706867218018 -0.6339508891105652 0.7533791661262512
vn -0.294149249792099 -0.7880836725234985 -0.5407405495643616
vn -0.5547158122062683 -0.8320398926734924 -2.160510348403477e-06
vn -0.2941511571407318 -0.7880846261978149 0.5407381057739258
vn -0.22348269820213318 -0.8101776838302612 0.5419110059738159
vn -0.25216028094291687 -0.8330419063568115 0.49239856004714966
vn 0.17471671104431152 0.6339517831802368 0.7533785700798035
vn 0.22918179631233215 0.49141305685043335 0.8402314782142639
vn 0.15116281807422638 0.6584292054176331 0.7373064756393433
vn 0.26181045174598694 0.6400715708732605 0.7223321199417114
vn 0.31183886528015137 0.8476758003234863 0.42918795347213745
vn 0.2521592080593109 0.8330421447753906 0.492398738861084
vn 0.22348050773143768 0.8101784586906433 0.5419108271598816
vn 0.3096197247505188 0.9508604407310486 5.254951815913955e-07
vn 0.294148713350296 0.7880843877792358 0.5407398343086243
vn 0.5547158122062683 0.8320398926734924 1.4403402701645973e-06
vn 0.29414936900138855 0.7880851626396179 -0.5407383441925049
vn 0.2234829068183899 0.8101789355278015 -0.5419091582298279
vn 0.25216084718704224 0.8330427408218384 -0.4923969507217407
vn 0.17471805214881897 0.6339520812034607 -0.7533779740333557
vn 0.377086877822876 0.5577505230903625 0.7394050359725952
vn 0.31394657492637634 0.8065808415412903 0.5008641481399536
vn 0.3009781539440155 0.9536310434341431 1.3455586156396748e-07
vn 0.4025268256664276 0.915408194065094 -1.7844513422460295e-08
vn 0.3118402361869812 0.8476769328117371 -0.4291847348213196
vn 0.15116417407989502 0.6584307551383972 -0.7373048067092896
vn 0.22918274998664856 0.49141180515289307 -0.8402319550514221
vn 0.26181238889694214 0.6400731205940247 -0.7223300337791443
vn 0.3770886957645416 0.5577511191368103 -0.7394036650657654
vn 0.4235069155693054 0.463436484336853 -0.7783755660057068
vn 0.5117524862289429 0.553625226020813 -0.6569691896438599
vn 0.4235047698020935 0.4634375274181366 0.7783761024475098
vn 0.5117515921592712 0.553623616695404 0.6569712162017822
vn 0.36676087975502014 0.9303152561187744 2.7088557885690534e-07
vn 0.2008034884929657 0.9796315431594849 3.124154090983211e-08
vn 0.31394699215888977 0.806581974029541 -0.5008620619773865
vn -0.31642550230026245 -0.5968694686889648 -0.737307071685791
vn -0.34855881333351135 -0.41535210609436035 -0.840231716632843
vn -0.33284083008766174 -0.5671291351318359 -0.7533800601959229
vn -0.4185526967048645 -0.550500750541687 -0.7223313450813293
vn -0.5375644564628601 -0.42151907086372375 -0.7303054928779602
vn -0.5559911131858826 -0.3237401843070984 -0.7655496001243591
vn -0.690772533416748 -0.2978445589542389 -0.658879280090332
vn -0.5367301106452942 -0.668093204498291 -0.5153370499610901
vn -0.6673648357391357 -0.7447309494018555 -1.0650418289515073e-06
vn -0.4448052942752838 -0.8956273198127747 -1.0779945114336442e-06
vn -0.536730945110321 -0.6680924296379089 0.5153372287750244
vn -0.6907734274864197 -0.2978416681289673 0.6588796377182007
vn -0.4591725170612335 -0.739393413066864 -0.492400199174881
vn -0.5206089019775391 -0.7380814552307129 -0.4291877746582031
vn -0.42555537819862366 -0.7247305512428284 -0.5419116616249084
vn -0.5451692342758179 -0.8383260369300842 1.636787771985837e-07
vn -0.625735342502594 -0.7800354361534119 1.154795199909131e-06
vn -0.5375410318374634 -0.843237578868866 1.8113289002030797e-07
vn -0.520608127117157 -0.7380824685096741 0.42918696999549866
vn -0.41855305433273315 -0.5505006313323975 0.7223312258720398
vn -0.5375656485557556 -0.4215158522129059 0.7303065061569214
vn -0.5559914112091064 -0.3237408995628357 0.7655490636825562
vn -0.3485599160194397 -0.4153515100479126 0.8402315974235535
vn -0.31642651557922363 -0.5968708395957947 0.7373055219650269
vn -0.33284425735473633 -0.5671299695968628 0.7533779144287109
vn -0.48810118436813354 -0.685099184513092 -0.5407368540763855
vn -0.7511625289916992 -0.6601172685623169 6.121435944805853e-07
vn -0.4880988597869873 -0.6851000785827637 0.5407378077507019
vn -0.4255574643611908 -0.7247310280799866 0.541909396648407
vn -0.4591745436191559 -0.7393931150436401 0.49239879846572876
vn 0.3328408896923065 0.567129909992218 0.7533794641494751
vn 0.3485594689846039 0.41535186767578125 0.8402315974235535
vn 0.3164273202419281 0.596869945526123 0.7373058795928955
vn 0.41855257749557495 0.5505005121231079 0.7223315834999084
vn 0.5206090807914734 0.738081693649292 0.429187148809433
vn 0.4591744840145111 0.7393925786018372 0.492399662733078
vn 0.4255533516407013 0.7247307300567627 0.5419130325317383
vn 0.5451701879501343 0.8383254408836365 1.6712484693925944e-06
vn 0.4880962669849396 0.6850988864898682 0.5407416224479675
vn 0.7511616349220276 0.6601183414459229 2.4485796075168764e-06
vn 0.4880995750427246 0.6850992441177368 -0.5407381653785706
vn 0.42555537819862366 0.7247304320335388 -0.5419118404388428
vn 0.4591754674911499 0.739392876625061 -0.4923982620239258
vn 0.33284080028533936 0.5671296119689941 -0.7533797025680542
vn 0.5375645160675049 0.4215163588523865 0.7303070425987244
vn 0.5369938611984253 0.6679357290267944 0.5152664184570312
vn 0.5375407934188843 0.8432377576828003 8.901386081561213e-07
vn 0.6257379055023193 0.7800333499908447 2.0750617295561824e-06
vn 0.520610511302948 0.7380817532539368 -0.42918530106544495
vn 0.31642720103263855 0.596869945526123 -0.7373059391975403
vn 0.34855976700782776 0.41535186767578125 -0.8402314782142639
vn 0.41855350136756897 0.5505015254020691 -0.7223302721977234
vn 0.537566065788269 0.42151814699172974 -0.7303048968315125
vn 0.5559929609298706 0.3237386643886566 -0.7655488848686218
vn 0.690811812877655 0.2979694902896881 -0.6587815880775452
vn 0.5559911131858826 0.323740154504776 0.7655496001243591
vn 0.6908101439476013 0.29796797037124634 0.6587840914726257
vn 0.6683335900306702 0.7438616752624512 1.379614644747562e-07
vn 0.44585323333740234 0.8951060771942139 2.3433274876083487e-08
vn 0.5369946360588074 0.6679369211196899 -0.5152640342712402
vn -0.4809350371360779 -0.5247669816017151 -0.7023681998252869
vn -0.4247826635837555 -0.4065752923488617 -0.8088610768318176
vn -0.49800577759742737 -0.4944210350513458 -0.7124170660972595
vn -0.5042002201080322 -0.48703789710998535 -0.7131452560424805
vn -0.44666919112205505 -0.4489782452583313 -0.7738896608352661
vn -0.438962459564209 -0.42265090346336365 -0.7928922772407532
vn -0.6493311524391174 -0.33620595932006836 -0.6821544170379639
vn -0.6167898774147034 -0.48098230361938477 -0.6230780482292175
vn -0.5652333498001099 -0.6015828251838684 -0.5644549131393433
vn -0.6890007257461548 -0.37818998098373413 -0.6182639598846436
vn -0.5412653088569641 -0.41367363929748535 -0.7320559620857239
vn -0.23635819554328918 -0.9716659784317017 -3.5235822792856197e-07
vn -0.6401404142379761 -0.6183386445045471 -0.45593592524528503
vn -0.6753135323524475 -0.6105667948722839 -0.41371458768844604
vn -0.5987404584884644 -0.6646382212638855 -0.4469517469406128
vn -0.6141363382339478 -0.789199948310852 -1.3919537877882249e-06
vn -0.09344998002052307 -0.9956239461898804 -9.727742167342512e-08
vn -0.561284065246582 -0.5993765592575073 0.5707082748413086
vn -0.5412676930427551 -0.4136718213558197 0.7320552468299866
vn -0.6807669401168823 -0.380836546421051 0.6257154941558838
vn -0.6533805131912231 -0.3336912989616394 0.6795175075531006
vn -0.6198312044143677 -0.6095033288002014 -0.49428224563598633
vn -0.7410335540771484 -0.6714679598808289 -9.084994303520944e-07
vn -0.7965468168258667 -0.6045768857002258 -1.7132674656750169e-06
vn -0.7060083746910095 -0.7082034349441528 -4.968449616171711e-07
vn -0.6021527647972107 -0.6597869992256165 0.44954773783683777
vn -0.6714921593666077 -0.5531651973724365 -0.49305838346481323
vn -0.8964176177978516 -0.4432103931903839 -3.8191430462575227e-07
vn -0.6714922189712524 -0.5531656742095947 0.4930576980113983
vn -0.619828999042511 -0.6095051765441895 0.4942827522754669
vn -0.6401415467262268 -0.6183385848999023 0.45593446493148804
vn -0.6753149032592773 -0.6105664372444153 0.4137130379676819
vn -0.5041999816894531 -0.48703867197036743 0.7131449580192566
vn -0.45968106389045715 -0.4445423185825348 0.7688143253326416
vn -0.6254332065582275 -0.4710201919078827 0.6220718026161194
vn -0.4492214024066925 -0.4154127836227417 0.7909692525863647
vn -0.4247826337814331 -0.4065745174884796 0.808861494064331
vn -0.4980055093765259 -0.4944208860397339 0.7124173641204834
vn -0.480937123298645 -0.5247659683227539 0.7023675441741943
vn 0.4247826337814331 0.4065744876861572 0.808861494064331
vn 0.48093724250793457 0.5247672200202942 0.7023665308952332
vn 0.49800461530685425 0.49442097544670105 0.7124179601669312
vn 0.5042022466659546 0.4870379865169525 0.7131438255310059
vn 0.6753150224685669 0.6105666160583496 0.4137125015258789
vn 0.6401423811912537 0.6183376312255859 0.4559344947338104
vn 0.6198316216468811 0.6095032691955566 0.4942818284034729
vn 0.7410346865653992 0.6714667677879333 1.1524477940838551e-06
vn 0.671489953994751 0.5531667470932007 0.4930596649646759
vn 0.8964163064956665 0.44321298599243164 2.117889607688994e-06
vn 0.6714926958084106 0.5531659722328186 -0.4930567145347595
vn 0.6198346018791199 0.6095016002655029 -0.4942801594734192
vn 0.6401417851448059 0.6183385252952576 -0.45593416690826416
vn 0.49800485372543335 0.4944212734699249 -0.7124175429344177
vn 0.44666925072669983 0.44897738099098206 0.7738900780677795
vn 0.5987396836280823 0.6646385788917542 0.44695234298706055
vn 0.706007719039917 0.7082040905952454 1.6493208931933623e-06
vn 0.7965466380119324 0.6045771241188049 9.619683396522305e-07
vn 0.675313413143158 0.6105676293373108 -0.41371360421180725
vn 0.48093515634536743 0.524767279624939 -0.702367901802063
vn 0.42478257417678833 0.40657365322113037 -0.8088619112968445
vn 0.5042001605033875 0.4870375096797943 -0.7131456136703491
vn 0.45968061685562134 0.4445408582687378 -0.7688153982162476
vn 0.4492213726043701 0.4154112935066223 -0.7909700274467468
vn 0.653380274772644 0.3336910307407379 -0.6795178055763245
vn 0.43896305561065674 0.42265042662620544 0.7928922176361084
vn 0.6493303179740906 0.3362029492855072 0.6821566820144653
vn 0.6167885661125183 0.4809814691543579 0.6230800151824951
vn 0.5652323365211487 0.6015822887420654 0.5644565224647522
vn 0.6141365170478821 0.7891998291015625 1.089000079446123e-06
vn 0.6021531224250793 0.6597860455513 -0.4495486617088318
vn 0.6890007853507996 0.37818557024002075 0.6182666420936584
vn 0.541266918182373 0.4136715531349182 0.7320560216903687
vn 0.23634912073612213 0.9716681838035583 -1.4094384823692963e-06
vn 0.09344106167554855 0.995624840259552 -1.634265231587051e-06
vn 0.5612831711769104 0.5993765592575073 -0.5707091093063354
vn 0.6254334449768066 0.4710191488265991 -0.6220723390579224
vn 0.5412665605545044 0.41367220878601074 -0.7320559024810791
vn 0.6807668209075928 0.38083770871162415 -0.625714898109436
vn -0.23221604526042938 0.9522002339363098 -0.1984703093767166
vn -6.30295062364894e-07 0.9759069681167603 -0.21818697452545166
vn -1.3025087355345022e-06 0.9850555658340454 -0.17223668098449707
vn -0.20874658226966858 0.9102108478546143 -0.35768845677375793
vn -3.291767711743887e-07 0.7797645330429077 -0.626072883605957
vn 0.2087460309267044 0.9102115035057068 -0.3576871454715729
vn 0.23221491277217865 0.952200710773468 -0.198469340801239
vn -0.3931870460510254 0.8107068538665771 -0.4337722659111023
vn -0.05782913789153099 0.6028475761413574 -0.7957578897476196
vn 2.048854668146305e-07 0.2881609797477722 -0.9575819969177246
vn 0.05782895162701607 0.602848470211029 -0.7957572340965271
vn 0.3931868076324463 0.8107076287269592 -0.4337709844112396
vn -0.14200341701507568 0.6694271564483643 -0.7291792035102844
vn 0.1314341276884079 0.3507055938243866 -0.9272165894508362
vn 0.11592341959476471 0.27840757369995117 -0.9534416794776917
vn 0.019019268453121185 0.1855098009109497 -0.9824583530426025
vn 3.250838460644445e-07 0.15213504433631897 -0.9883596897125244
vn -0.019019117578864098 0.18550963699817657 -0.9824583530426025
vn -0.11592335253953934 0.2784081697463989 -0.9534415006637573
vn -0.131434366106987 0.35070663690567017 -0.9272161722183228
vn 0.14200355112552643 0.6694282293319702 -0.7291781902313232
vn -0.026382336392998695 0.2878730893135071 -0.9573050737380981
vn 0.01946495659649372 0.15248091518878937 -0.9881147146224976
vn 0.03350406885147095 0.15253496170043945 -0.9877300262451172
vn -7.782715982784794e-08 0.09293539077043533 -0.9956721663475037
vn -0.03350401669740677 0.15253467857837677 -0.9877300262451172
vn -0.019465552642941475 0.152480810880661 -0.9881147146224976
vn 0.026381637901067734 0.28787362575531006 -0.9573049545288086
vn -0.29143062233924866 0.1486799269914627 -0.9449669122695923
vn -0.25402432680130005 0.06679593771696091 -0.9648885726928711
vn 0.053305111825466156 0.1904718428850174 -0.9802443981170654
vn -0.039995234459638596 0.18758869171142578 -0.981433093547821
vn 5.091878279017692e-07 0.12768511474132538 -0.9918147325515747
vn 0.03999652341008186 0.1875888556241989 -0.9814329743385315
vn -0.053304899483919144 0.19047199189662933 -0.9802443385124207
vn 0.2540237307548523 0.066796213388443 -0.9648886919021606
vn 0.2914292514324188 0.14868023991584778 -0.9449672698974609
vn -0.21797031164169312 0.10454325377941132 -0.9703399538993835
vn 0.11280772089958191 0.07633513957262039 -0.9906802773475647
vn 0.04422152042388916 0.17486631870269775 -0.9835985898971558
vn 7.012133096395701e-07 0.13546492159366608 -0.9907821416854858
vn -0.04422116279602051 0.17486661672592163 -0.9835985898971558
vn -0.11280693858861923 0.07633548974990845 -0.9906803369522095
vn 0.21797063946723938 0.10454394668340683 -0.970339834690094
vn -0.2104470431804657 -0.027961106970906258 -0.9772053360939026
vn 0.16060885787010193 0.11907801032066345 -0.9798087477684021
vn 0.10211607068777084 0.36716970801353455 -0.9245316386222839
vn 3.1994183302686e-08 0.3342338502407074 -0.9424901604652405
vn -0.10211603343486786 0.36716967821121216 -0.9245316386222839
vn -0.16060853004455566 0.1190778911113739 -0.9798088073730469
vn 0.21044787764549255 -0.02796107903122902 -0.9772051572799683
vn -0.20336170494556427 0.1873074620962143 -0.9610202312469482
vn 0.17939673364162445 0.32196614146232605 -0.9295991659164429
vn 0.28422683477401733 0.43169939517974854 -0.8560670018196106
vn -1.95038566630501e-07 0.4411293566226959 -0.8974435329437256
vn -0.28422629833221436 0.4316994249820709 -0.8560671806335449
vn -0.17939616739749908 0.32196640968322754 -0.9295991659164429
vn 0.20336198806762695 0.18730734288692474 -0.9610202312469482
vn -0.20045354962348938 0.3262627124786377 -0.9237808585166931
vn 0.20433400571346283 0.3701958954334259 -0.9062023162841797
vn 0.2004537731409073 0.3262629210948944 -0.9237806797027588
vn -0.20433323085308075 0.37019607424736023 -0.9062024354934692
usemtl cape
f 1/1/1 2/2/2 3/3/3
f 2/2/2 1/1/1 4/4/4
f 4/4/4 5/5/5 2/2/2
f 5/5/5 4/4/4 6/6/6
f 5/5/5 6/6/6 7/7/7
f 7/7/7 6/6/6 8/8/8
f 8/8/8 6/6/6 9/9/9
f 8/8/8 9/9/9 10/10/10
f 8/8/8 10/10/10 11/11/11
f 11/11/11 10/10/10 12/12/12
f 13/13/13 4/4/4 1/1/1
f 4/4/4 13/13/13 14/14/14
f 14/14/14 6/6/6 4/4/4
f 6/6/6 14/14/14 9/9/9
f 15/15/15 9/9/9 14/14/14
f 9/9/9 15/15/15 16/16/16
f 10/10/10 9/9/9 16/16/16
f 10/10/10 16/16/16 12/12/12
f 12/12/12 16/16/16 17/17/17
f 12/12/12 17/17/17 18/18/18
f 18/18/18 17/17/17 19/19/19
f 18/18/18 19/19/19 20/20/20
f 19/19/19 21/21/21 20/20/20
f 21/21/21 19/19/19 22/22/22
f 22/22/22 23/23/23 21/21/21
f 24/24/24 14/14/14 13/13/13
f 14/14/14 24/24/24 15/15/15
f 25/25/25 15/15/15 24/24/24
f 15/15/15 25/25/25 26/26/26
f 26/26/26 16/16/16 15/15/15
f 16/16/16 26/26/26 17/17/17
f 27/27/27 17/17/17 26/26/26
f 17/17/17 27/27/27 19/19/19
f 28/28/28 19/19/19 27/27/27
f 19/19/19 28/28/28 22/22/22
f 23/23/23 22/22/22 28/28/28
f 27/27/27 23/23/23 28/28/28
f 23/23/23 27/27/27 29/29/29
f 26/26/26 29/29/29 27/27/27
f 29/29/29 26/26/26 25/25/25
f 30/30/30 31/31/31 32/32/32
f 32/32/32 33/33/33 30/30/30
f 34/34/34 30/30/30 33/33/33
f 33/33/33 35/35/35 34/34/34
f 36/36/36 34/34/34 35/35/35
f 35/35/35 37/37/37 36/36/36
f 38/38/38 36/36/36 37/37/37
f 37/37/37 39/39/39 38/38/38
f 40/40/40 38/38/38 39/39/39
f 39/39/39 41/41/41 40/40/40
f 42/42/42 40/40/40 41/41/41
f 33/33/33 32/32/32 43/43/43
f 43/43/43 44/44/44 33/33/33
f 35/35/35 33/33/33 44/44/44
f 44/44/44 45/45/45 35/35/35
f 37/37/37 35/35/35 45/45/45
f 45/45/45 46/46/46 37/37/37
f 39/39/39 37/37/37 46/46/46
f 46/46/46 47/47/47 39/39/39
f 41/41/41 39/39/39 47/47/47
f 47/47/47 48/48/48 41/41/41
f 49/49/49 41/41/41 48/48/48
f 41/41/41 49/49/49 42/42/42
f 42/42/42 49/49/49 50/50/50
f 50/50/50 51/51/51 42/42/42
f 51/51/51 50/50/50 48/48/48
f 48/48/48 52/52/52 51/51/51
f 53/53/53 52/52/52 48/48/48
f 43/43/43 54/54/54 44/44/44
f 54/54/54 55/55/55 44/44/44
f 55/55/55 45/45/45 44/44/44
f 55/55/55 56/56/56 45/45/45
f 56/56/56 46/46/46 45/45/45
f 56/56/56 57/57/57 46/46/46
f 57/57/57 47/47/47 46/46/46
f 57/57/57 53/53/53 47/47/47
f 53/53/53 48/48/48 47/47/47
f 55/55/55 58/58/58 56/56/56
f 58/58/58 57/57/57 56/56/56
f 48/48/48 50/50/50 49/49/49
f 59/59/59 60/60/60 61/61/61
f 62/62/62 61/61/61 60/60/60
f 62/62/62 63/63/63 61/61/61
f 63/63/63 64/64/64 61/61/61
f 59/59/59 61/61/61 64/64/64
f 59/59/59 64/64/64 65/65/65
f 59/59/59 65/65/65 66/66/66
f 59/59/59 66/66/66 67/67/67
f 68/68/68 67/67/67 66/66/66
f 68/68/68 69/69/69 67/67/67
f 70/70/70 69/69/69 68/68/68
f 70/70/70 71/71/71 69/69/69
f 72/72/72 71/71/71 70/70/70
f 72/72/72 73/73/73 71/71/71
f 74/74/74 63/63/63 62/62/62
f 74/74/74 75/75/75 63/63/63
f 75/75/75 76/76/76 63/63/63
f 63/63/63 76/76/76 64/64/64
f 76/76/76 65/65/65 64/64/64
f 76/76/76 77/77/77 65/65/65
f 77/77/77 66/66/66 65/65/65
f 77/77/77 68/68/68 66/66/66
f 78/78/78 68/68/68 77/77/77
f 78/78/78 70/70/70 68/68/68
f 79/79/79 70/70/70 78/78/78
f 79/79/79 72/72/72 70/70/70
f 80/80/80 72/72/72 79/79/79
f 80/80/80 81/81/81 72/72/72
f 81/81/81 73/73/73 72/72/72
f 81/81/81 82/82/82 73/73/73
f 83/83/83 82/82/82 81/81/81
f 84/84/84 75/75/75 74/74/74
f 84/84/84 85/85/85 75/75/75
f 85/85/85 86/86/86 75/75/75
f 75/75/75 86/86/86 76/76/76
f 86/86/86 77/77/77 76/76/76
f 86/86/86 78/78/78 77/77/77
f 87/87/87 78/78/78 86/86/86
f 87/87/87 79/79/79 78/78/78
f 88/88/88 79/79/79 87/87/87
f 88/88/88 80/80/80 79/79/79
f 83/83/83 80/80/80 88/88/88
f 83/83/83 81/81/81 80/80/80
f 89/89/89 85/85/85 84/84/84
f 89/89/89 90/90/90 85/85/85
f 90/90/90 87/87/87 85/85/85
f 85/85/85 87/87/87 86/86/86
f 83/83/83 90/90/90 89/89/89
f 83/83/83 88/88/88 90/90/90
f 90/90/90 88/88/88 87/87/87
f 91/91/91 92/92/92 93/93/93
f 94/94/94 92/92/92 91/91/91
f 94/94/94 95/95/95 92/92/92
f 96/96/96 95/95/95 94/94/94
f 96/96/96 97/97/97 95/95/95
f 98/98/98 97/97/97 96/96/96
f 98/98/98 99/99/99 97/97/97
f 100/100/100 99/99/99 98/98/98
f 100/100/100 101/101/101 99/99/99
f 102/102/102 101/101/101 100/100/100
f 102/102/102 103/103/103 101/101/101
f 91/91/91 93/93/93 104/104/104
f 105/105/105 91/91/91 104/104/104
f 105/105/105 94/94/94 91/91/91
f 105/105/105 96/96/96 94/94/94
f 105/105/105 98/98/98 96/96/96
f 105/105/105 100/100/100 98/98/98
f 105/105/105 102/102/102 100/100/100
f 105/105/105 106/106/106 102/102/102
f 106/106/106 103/103/103 102/102/102
f 106/106/106 107/107/107 103/103/103
f 104/104/104 107/107/107 106/106/106
f 104/104/104 93/93/93 107/107/107
f 105/105/105 104/104/104 106/106/106
f 108/108/108 109/109/109 110/110/110
f 108/108/108 111/111/111 109/109/109
f 112/112/112 109/109/109 111/111/111
f 112/112/112 113/113/113 109/109/109
f 110/110/110 109/109/109 113/113/113
f 110/110/110 113/113/113 114/114/114
f 114/114/114 113/113/113 115/115/115
f 114/114/114 115/115/115 116/116/116
f 116/116/116 115/115/115 117/117/117
f 116/116/116 117/117/117 118/118/118
f 118/118/118 117/117/117 119/119/119
f 118/118/118 119/119/119 120/120/120
f 121/121/121 111/111/111 108/108/108
f 121/121/121 122/122/122 111/111/111
f 112/112/112 111/111/111 122/122/122
f 112/112/112 122/122/122 123/123/123
f 112/112/112 123/123/123 119/119/119
f 112/112/112 119/119/119 117/117/117
f 112/112/112 117/117/117 115/115/115
f 112/112/112 115/115/115 113/113/113
f 124/124/124 122/122/122 121/121/121
f 124/124/124 123/123/123 122/122/122
f 120/120/120 123/123/123 124/124/124
f 120/120/120 119/119/119 123/123/123
f 125/125/125 126/126/126 127/127/127
f 126/126/126 128/128/128 127/127/127
f 129/129/129 127/127/127 128/128/128
f 129/129/129 130/130/130 127/127/127
f 125/125/125 127/127/127 130/130/130
f 131/131/131 125/125/125 130/130/130
f 131/131/131 130/130/130 132/132/132
f 133/133/133 131/131/131 132/132/132
f 133/133/133 132/132/132 134/134/134
f 135/135/135 133/133/133 134/134/134
f 135/135/135 134/134/134 136/136/136
f 137/137/137 135/135/135 136/136/136
f 126/126/126 138/138/138 128/128/128
f 138/138/138 139/139/139 128/128/128
f 129/129/129 128/128/128 139/139/139
f 129/129/129 139/139/139 140/140/140
f 129/129/129 140/140/140 136/136/136
f 129/129/129 136/136/136 134/134/134
f 129/129/129 134/134/134 132/132/132
f 129/129/129 132/132/132 130/130/130
f 138/138/138 141/141/141 139/139/139
f 141/141/141 140/140/140 139/139/139
f 141/141/141 137/137/137 140/140/140
f 137/137/137 136/136/136 140/140/140
f 142/142/142 143/143/143 144/144/144
f 142/142/142 145/145/145 143/143/143
f 145/145/145 146/146/146 143/143/143
f 145/145/145 147/147/147 146/146/146
f 147/147/147 148/148/148 146/146/146
f 147/147/147 149/149/149 148/148/148
f 147/147/147 150/150/150 149/149/149
f 147/147/147 151/151/151 150/150/150
f 152/152/152 151/151/151 147/147/147
f 152/152/152 153/153/153 151/151/151
f 154/154/154 142/142/142 144/144/144
f 155/155/155 142/142/142 154/154/154
f 155/155/155 145/145/145 142/142/142
f 156/156/156 145/145/145 155/155/155
f 156/156/156 147/147/147 145/145/145
f 156/156/156 152/152/152 147/147/147
f 156/156/156 157/157/157 152/152/152
f 157/157/157 158/158/158 152/152/152
f 158/158/158 153/153/153 152/152/152
f 158/158/158 159/159/159 153/153/153
f 160/160/160 159/159/159 158/158/158
f 161/161/161 159/159/159 160/160/160
f 161/161/161 162/162/162 159/159/159
f 161/161/161 163/163/163 162/162/162
f 164/164/164 154/154/154 144/144/144
f 165/165/165 154/154/154 164/164/164
f 165/165/165 155/155/155 154/154/154
f 166/166/166 155/155/155 165/165/165
f 166/166/166 156/156/156 155/155/155
f 166/166/166 157/157/157 156/156/156
f 166/166/166 167/167/167 157/157/157
f 167/167/167 160/160/160 157/157/157
f 157/157/157 160/160/160 158/158/158
f 164/164/164 144/144/144 168/168/168
f 164/164/164 168/168/168 169/169/169
f 165/165/165 164/164/164 169/169/169
f 170/170/170 165/165/165 169/169/169
f 170/170/170 171/171/171 165/165/165
f 171/171/171 166/166/166 165/165/165
f 171/171/171 167/167/167 166/166/166
f 170/170/170 167/167/167 171/171/171
f 170/170/170 163/163/163 167/167/167
f 167/167/167 163/163/163 161/161/161
f 167/167/167 161/161/161 160/160/160
f 172/172/172 173/173/173 174/174/174
f 175/175/175 173/173/173 172/172/172
f 175/175/175 176/176/176 173/173/173
f 173/173/173 176/176/176 177/177/177
f 173/173/173 177/177/177 174/174/174
f 177/177/177 178/178/178 174/174/174
f 174/174/174 178/178/178 179/179/179
f 179/179/179 178/178/178 180/180/180
f 178/178/178 181/181/181 180/180/180
f 181/181/181 182/182/182 180/180/180
f 183/183/183 182/182/182 181/181/181
f 184/184/184 182/182/182 183/183/183
f 185/185/185 182/182/182 184/184/184
f 186/186/186 175/175/175 172/172/172
f 187/187/187 175/175/175 186/186/186
f 187/187/187 188/188/188 175/175/175
f 175/175/175 188/188/188 176/176/176
f 188/188/188 189/189/189 176/176/176
f 176/176/176 189/189/189 181/181/181
f 176/176/176 181/181/181 177/177/177
f 177/177/177 181/181/181 178/178/178
f 190/190/190 187/187/187 186/186/186
f 191/191/191 187/187/187 190/190/190
f 192/192/192 187/187/187 191/191/191
f 193/193/193 187/187/187 192/192/192
f 193/193/193 194/194/194 187/187/187
f 194/194/194 188/188/188 187/187/187
f 195/195/195 188/188/188 194/194/194
f 195/195/195 189/189/189 188/188/188
f 184/184/184 189/189/189 195/195/195
f 184/184/184 183/183/183 189/189/189
f 189/189/189 183/183/183 181/181/181
f 196/196/196 194/194/194 193/193/193
f 196/196/196 197/197/197 194/194/194
f 197/197/197 195/195/195 194/194/194
f 198/198/198 195/195/195 197/197/197
f 198/198/198 184/184/184 195/195/195
f 199/199/199 184/184/184 198/198/198
f 185/185/185 184/184/184 199/199/199
f 185/185/185 199/199/199 200/200/200
f 200/200/200 199/199/199 201/201/201
f 201/201/201 199/199/199 198/198/198
f 201/201/201 198/198/198 197/197/197
f 201/201/201 197/197/197 196/196/196
f 202/202/202 203/203/203 204/204/204
f 202/202/202 205/205/205 203/203/203
f 205/205/205 206/206/206 203/203/203
f 205/205/205 207/207/207 206/206/206
f 207/207/207 208/208/208 206/206/206
f 207/207/207 209/209/209 208/208/208
f 207/207/207 210/210/210 209/209/209
f 207/207/207 211/211/211 210/210/210
f 212/212/212 211/211/211 207/207/207
f 212/212/212 213/213/213 211/211/211
f 214/214/214 202/202/202 204/204/204
f 215/215/215 202/202/202 214/214/214
f 215/215/215 205/205/205 202/202/202
f 216/216/216 205/205/205 215/215/215
f 216/216/216 207/207/207 205/205/205
f 216/216/216 212/212/212 207/207/207
f 216/216/216 217/217/217 212/212/212
f 217/217/217 218/218/218 212/212/212
f 218/218/218 213/213/213 212/212/212
f 218/218/218 219/219/219 213/213/213
f 220/220/220 219/219/219 218/218/218
f 221/221/221 219/219/219 220/220/220
f 221/221/221 222/222/222 219/219/219
f 221/221/221 223/223/223 222/222/222
f 224/224/224 214/214/214 204/204/204
f 225/225/225 214/214/214 224/224/224
f 225/225/225 215/215/215 214/214/214
f 226/226/226 215/215/215 225/225/225
f 226/226/226 216/216/216 215/215/215
f 226/226/226 217/217/217 216/216/216
f 226/226/226 227/227/227 217/217/217
f 227/227/227 220/220/220 217/217/217
f 217/217/217 220/220/220 218/218/218
f 224/224/224 204/204/204 228/228/228
f 224/224/224 228/228/228 229/229/229
f 225/225/225 224/224/224 229/229/229
f 230/230/230 225/225/225 229/229/229
f 230/230/230 231/231/231 225/225/225
f 231/231/231 226/226/226 225/225/225
f 231/231/231 227/227/227 226/226/226
f 230/230/230 227/227/227 231/231/231
f 230/230/230 223/223/223 227/227/227
f 227/227/227 223/223/223 221/221/221
f 227/227/227 221/221/221 220/220/220
f 232/232/232 233/233/233 234/234/234
f 235/235/235 233/233/233 232/232/232
f 235/235/235 236/236/236 233/233/233
f 233/233/233 236/236/236 237/237/237
f 233/233/233 237/237/237 234/234/234
f 237/237/237 238/238/238 234/234/234
f 234/234/234 238/238/238 239/239/239
f 239/239/239 238/238/238 240/240/240
f 238/238/238 241/241/241 240/240/240
f 241/241/241 242/242/242 240/240/240
f 243/243/243 242/242/242 241/241/241
f 244/244/244 242/242/242 243/243/243
f 245/245/245 242/242/242 244/244/244
f 246/246/246 235/235/235 232/232/232
f 247/247/247 235/235/235 246/246/246
f 247/247/247 248/248/248 235/235/235
f 235/235/235 248/248/248 236/236/236
f 248/248/248 249/249/249 236/236/236
f 236/236/236 249/249/249 241/241/241
f 236/236/236 241/241/241 237/237/237
f 237/237/237 241/241/241 238/238/238
f 250/250/250 247/247/247 246/246/246
f 251/251/251 247/247/247 250/250/250
f 252/252/252 247/247/247 251/251/251
f 253/253/253 247/247/247 252/252/252
f 253/253/253 254/254/254 247/247/247
f 254/254/254 248/248/248 247/247/247
f 255/255/255 248/248/248 254/254/254
f 255/255/255 249/249/249 248/248/248
f 244/244/244 249/249/249 255/255/255
f 244/244/244 243/243/243 249/249/249
f 249/249/249 243/243/243 241/241/241
f 256/256/256 254/254/254 253/253/253
f 256/256/256 257/257/257 254/254/254
f 257/257/257 255/255/255 254/254/254
f 258/258/258 255/255/255 257/257/257
f 258/258/258 244/244/244 255/255/255
f 259/259/259 244/244/244 258/258/258
f 245/245/245 244/244/244 259/259/259
f 245/245/245 259/259/259 260/260/260
f 260/260/260 259/259/259 261/261/261
f 261/261/261 259/259/259 258/258/258
f 261/261/261 258/258/258 257/257/257
f 261/261/261 257/257/257 256/256/256
f 262/262/262 263/263/263 264/264/264
f 262/262/262 265/265/265 263/263/263
f 265/265/265 266/266/266 263/263/263
f 265/265/265 267/267/267 266/266/266
f 267/267/267 268/268/268 266/266/266
f 267/267/267 269/269/269 268/268/268
f 267/267/267 270/270/270 269/269/269
f 267/267/267 271/271/271 270/270/270
f 272/272/272 271/271/271 267/267/267
f 272/272/272 273/273/273 271/271/271
f 274/274/274 262/262/262 264/264/264
f 275/275/275 262/262/262 274/274/274
f 275/275/275 265/265/265 262/262/262
f 276/276/276 265/265/265 275/275/275
f 276/276/276 267/267/267 265/265/265
f 276/276/276 272/272/272 267/267/267
f 276/276/276 277/277/277 272/272/272
f 277/277/277 278/278/278 272/272/272
f 278/278/278 273/273/273 272/272/272
f 278/278/278 279/279/279 273/273/273
f 280/280/280 279/279/279 278/278/278
f 281/281/281 279/279/279 280/280/280
f 281/281/281 282/282/282 279/279/279
f 281/281/281 283/283/283 282/282/282
f 284/284/284 274/274/274 264/264/264
f 285/285/285 274/274/274 284/284/284
f 285/285/285 275/275/275 274/274/274
f 286/286/286 275/275/275 285/285/285
f 286/286/286 276/276/276 275/275/275
f 286/286/286 277/277/277 276/276/276
f 286/286/286 287/287/287 277/277/277
f 287/287/287 280/280/280 277/277/277
f 277/277/277 280/280/280 278/278/278
f 284/284/284 264/264/264 288/288/288
f 284/284/284 288/288/288 289/289/289
f 290/290/290 284/284/284 289/289/289
f 285/285/285 284/284/284 290/290/290
f 291/291/291 285/285/285 290/290/290
f 291/291/291 292/292/292 285/285/285
f 292/292/292 286/286/286 285/285/285
f 292/292/292 287/287/287 286/286/286
f 293/293/293 287/287/287 292/292/292
f 293/293/293 294/294/294 287/287/287
f 287/287/287 294/294/294 281/281/281
f 287/287/287 281/281/281 280/280/280
f 291/291/291 290/290/290 289/289/289
f 291/291/291 289/289/289 295/295/295
f 296/296/296 291/291/291 295/295/295
f 297/297/297 291/291/291 296/296/296
f 297/297/297 298/298/298 291/291/291
f 298/298/298 292/292/292 291/291/291
f 298/298/298 293/293/293 292/292/292
f 297/297/297 293/293/293 298/298/298
f 297/297/297 299/299/299 293/293/293
f 299/299/299 300/300/300 293/293/293
f 293/293/293 300/300/300 283/283/283
f 293/293/293 283/283/283 294/294/294
f 294/294/294 283/283/283 281/281/281
f 301/301/301 302/302/302 303/303/303
f 302/302/302 304/304/304 303/303/303
f 303/303/303 304/304/304 305/305/305
f 306/306/306 303/303/303 305/305/305
f 301/301/301 303/303/303 306/306/306
f 301/301/301 306/306/306 307/307/307
f 308/308/308 301/301/301 307/307/307
f 309/309/309 308/308/308 307/307/307
f 309/309/309 307/307/307 310/310/310
f 309/309/309 310/310/310 311/311/311
f 312/312/312 309/309/309 311/311/311
f 312/312/312 311/311/311 313/313/313
f 313/313/313 311/311/311 314/314/314
f 302/302/302 315/315/315 304/304/304
f 315/315/315 316/316/316 304/304/304
f 304/304/304 316/316/316 317/317/317
f 305/305/305 304/304/304 317/317/317
f 305/305/305 317/317/317 318/318/318
f 319/319/319 305/305/305 318/318/318
f 306/306/306 305/305/305 319/319/319
f 307/307/307 306/306/306 319/319/319
f 310/310/310 307/307/307 319/319/319
f 310/310/310 319/319/319 311/311/311
f 319/319/319 320/320/320 311/311/311
f 311/311/311 320/320/320 321/321/321
f 311/311/311 321/321/321 314/314/314
f 322/322/322 314/314/314 321/321/321
f 323/323/323 314/314/314 322/322/322
f 324/324/324 323/323/323 322/322/322
f 324/324/324 322/322/322 325/325/325
f 315/315/315 326/326/326 316/316/316
f 326/326/326 327/327/327 316/316/316
f 328/328/328 316/316/316 327/327/327
f 329/329/329 316/316/316 328/328/328
f 329/329/329 330/330/330 316/316/316
f 330/330/330 317/317/317 316/316/316
f 331/331/331 317/317/317 330/330/330
f 331/331/331 318/318/318 317/317/317
f 332/332/332 318/318/318 331/331/331
f 332/332/332 320/320/320 318/318/318
f 319/319/319 318/318/318 320/320/320
f 333/333/333 330/330/330 329/329/329
f 333/333/333 334/334/334 330/330/330
f 334/334/334 331/331/331 330/330/330
f 335/335/335 331/331/331 334/334/334
f 335/335/335 332/332/332 331/331/331
f 336/336/336 332/332/332 335/335/335
f 337/337/337 332/332/332 336/336/336
f 337/337/337 322/322/322 332/332/332
f 332/332/332 322/322/322 320/320/320
f 322/322/322 321/321/321 320/320/320
f 338/338/338 334/334/334 333/333/333
f 338/338/338 335/335/335 334/334/334
f 338/338/338 336/336/336 335/335/335
f 339/339/339 336/336/336 338/338/338
f 325/325/325 336/336/336 339/339/339
f 325/325/325 337/337/337 336/336/336
f 325/325/325 322/322/322 337/337/337
f 340/340/340 341/341/341 342/342/342
f 340/340/340 343/343/343 341/341/341
f 344/344/344 341/341/341 343/343/343
f 345/345/345 341/341/341 344/344/344
f 345/345/345 342/342/342 341/341/341
f 340/340/340 346/346/346 343/343/343
f 347/347/347 343/343/343 346/346/346
f 344/344/344 343/343/343 347/347/347
f 348/348/348 344/344/344 347/347/347
f 349/349/349 344/344/344 348/348/348
f 349/349/349 345/345/345 344/344/344
f 340/340/340 350/350/350 346/346/346
f 351/351/351 346/346/346 350/350/350
f 347/347/347 346/346/346 351/351/351
f 352/352/352 347/347/347 351/351/351
f 348/348/348 347/347/347 352/352/352
f 353/353/353 348/348/348 352/352/352
f 354/354/354 348/348/348 353/353/353
f 354/354/354 349/349/349 348/348/348
f 340/340/340 355/355/355 350/350/350
f 356/356/356 350/350/350 355/355/355
f 351/351/351 350/350/350 356/356/356
f 357/357/357 351/351/351 356/356/356
f 352/352/352 351/351/351 357/357/357
f 358/358/358 352/352/352 357/357/357
f 353/353/353 352/352/352 358/358/358
f 359/359/359 353/353/353 358/358/358
f 360/360/360 353/353/353 359/359/359
f 360/360/360 354/354/354 353/353/353
f 356/356/356 355/355/355 361/361/361
f 362/362/362 356/356/356 361/361/361
f 357/357/357 356/356/356 362/362/362
f 363/363/363 357/357/357 362/362/362
f 358/358/358 357/357/357 363/363/363
f 364/364/364 358/358/358 363/363/363
f 359/359/359 358/358/358 364/364/364
f 365/365/365 359/359/359 364/364/364
f 365/365/365 360/360/360 359/359/359
f 362/362/362 361/361/361 366/366/366
f 367/367/367 362/362/362 366/366/366
f 363/363/363 362/362/362 367/367/367
f 368/368/368 363/363/363 367/367/367
f 364/364/364 363/363/363 368/368/368
f 365/365/365 364/364/364 368/368/368
f 365/365/365 368/368/368 369/369/369
f 365/365/365 369/369/369 370/370/370
f 369/369/369 371/371/371 370/370/370
f 369/369/369 367/367/367 371/371/371
f 367/367/367 366/366/366 371/371/371
f 368/368/368 367/367/367 369/369/369
f 372/372/372 373/373/373 374/374/374
f 372/372/372 375/375/375 373/373/373
f 375/375/375 376/376/376 373/373/373
f 375/375/375 377/377/377 376/376/376
f 377/377/377 378/378/378 376/376/376
f 377/377/377 379/379/379 378/378/378
f 379/379/379 380/380/380 378/378/378
f 379/379/379 381/381/381 380/380/380
f 381/381/381 382/382/382 380/380/380
f 381/381/381 383/383/383 382/382/382
f 383/383/383 384/384/384 382/382/382
f 385/385/385 372/372/372 374/374/374
f 386/386/386 372/372/372 385/385/385
f 386/386/386 375/375/375 372/372/372
f 386/386/386 377/377/377 375/375/375
f 386/386/386 379/379/379 377/377/377
f 386/386/386 381/381/381 379/379/379
f 386/386/386 383/383/383 381/381/381
f 386/386/386 387/387/387 383/383/383
f 383/383/383 387/387/387 384/384/384
f 387/387/387 388/388/388 384/384/384
f 387/387/387 385/385/385 388/388/388
f 385/385/385 374/374/374 388/388/388
f 386/386/386 385/385/385 387/387/387
f 389/389/389 390/390/390 391/391/391
f 390/390/390 392/392/392 391/391/391
f 393/393/393 391/391/391 392/392/392
f 393/393/393 394/394/394 391/391/391
f 389/389/389 391/391/391 394/394/394
f 395/395/395 389/389/389 394/394/394
f 395/395/395 394/394/394 396/396/396
f 397/397/397 395/395/395 396/396/396
f 397/397/397 396/396/396 398/398/398
f 399/399/399 397/397/397 398/398/398
f 399/399/399 398/398/398 400/400/400
f 401/401/401 399/399/399 400/400/400
f 390/390/390 402/402/402 392/392/392
f 402/402/402 403/403/403 392/392/392
f 393/393/393 392/392/392 403/403/403
f 393/393/393 403/403/403 404/404/404
f 393/393/393 404/404/404 400/400/400
f 393/393/393 400/400/400 398/398/398
f 393/393/393 398/398/398 396/396/396
f 393/393/393 396/396/396 394/394/394
f 402/402/402 405/405/405 403/403/403
f 405/405/405 404/404/404 403/403/403
f 405/405/405 401/401/401 404/404/404
f 401/401/401 400/400/400 404/404/404
f 406/406/406 407/407/407 408/408/408
f 406/406/406 409/409/409 407/407/407
f 410/410/410 407/407/407 409/409/409
f 410/410/410 411/411/411 407/407/407
f 408/408/408 407/407/407 411/411/411
f 408/408/408 411/411/411 412/412/412
f 412/412/412 411/411/411 413/413/413
f 412/412/412 413/413/413 414/414/414
f 414/414/414 413/413/413 415/415/415
f 414/414/414 415/415/415 416/416/416
f 416/416/416 415/415/415 417/417/417
f 416/416/416 417/417/417 418/418/418
f 419/419/419 409/409/409 406/406/406
f 419/419/419 420/420/420 409/409/409
f 410/410/410 409/409/409 420/420/420
f 410/410/410 420/420/420 421/421/421
f 410/410/410 421/421/421 417/417/417
f 410/410/410 417/417/417 415/415/415
f 410/410/410 415/415/415 413/413/413
f 410/410/410 413/413/413 411/411/411
f 422/422/422 420/420/420 419/419/419
f 422/422/422 421/421/421 420/420/420
f 418/418/418 421/421/421 422/422/422
f 418/418/418 417/417/417 421/421/421
f 423/423/423 424/424/424 425/425/425
f 426/426/426 424/424/424 423/423/423
f 427/427/427 424/424/424 426/426/426
f 427/427/427 428/428/428 424/424/424
f 427/427/427 429/429/429 428/428/428
f 430/430/430 429/429/429 427/427/427
f 431/431/431 429/429/429 430/430/430
f 431/431/431 430/430/430 432/432/432
f 431/431/431 432/432/432 433/433/433
f 431/431/431 433/433/433 434/434/434
f 423/423/423 425/425/425 435/435/435
f 436/436/436 423/423/423 435/435/435
f 436/436/436 426/426/426 423/423/423
f 430/430/430 426/426/426 436/436/436
f 430/430/430 427/427/427 426/426/426
f 435/435/435 425/425/425 437/437/437
f 435/435/435 437/437/437 438/438/438
f 439/439/439 435/435/435 438/438/438
f 439/439/439 436/436/436 435/435/435
f 440/440/440 436/436/436 439/439/439
f 440/440/440 430/430/430 436/436/436
f 432/432/432 430/430/430 440/440/440
f 432/432/432 440/440/440 433/433/433
f 440/440/440 441/441/441 433/433/433
f 433/433/433 441/441/441 442/442/442
f 433/433/433 442/442/442 443/443/443
f 433/433/433 443/443/443 434/434/434
f 443/443/443 444/444/444 434/434/434
f 443/443/443 445/445/445 444/444/444
f 443/443/443 442/442/442 445/445/445
f 442/442/442 446/446/446 445/445/445
f 446/446/446 447/447/447 445/445/445
f 438/438/438 437/437/437 448/448/448
f 438/438/438 448/448/448 449/449/449
f 438/438/438 449/449/449 450/450/450
f 438/438/438 450/450/450 451/451/451
f 452/452/452 438/438/438 451/451/451
f 439/439/439 438/438/438 452/452/452
f 439/439/439 452/452/452 441/441/441
f 440/440/440 439/439/439 441/441/441
f 452/452/452 451/451/451 447/447/447
f 446/446/446 452/452/452 447/447/447
f 441/441/441 452/452/452 446/446/446
f 441/441/441 446/446/446 442/442/442
f 453/453/453 454/454/454 455/455/455
f 455/455/455 454/454/454 456/456/456
f 455/455/455 456/456/456 457/457/457
f 458/458/458 455/455/455 457/457/457
f 458/458/458 453/453/453 455/455/455
f 459/459/459 453/453/453 458/458/458
f 460/460/460 459/459/459 458/458/458
f 461/461/461 459/459/459 460/460/460
f 462/462/462 461/461/461 460/460/460
f 463/463/463 462/462/462 460/460/460
f 464/464/464 463/463/463 460/460/460
f 464/464/464 460/460/460 465/465/465
f 466/466/466 464/464/464 465/465/465
f 456/456/456 454/454/454 467/467/467
f 456/456/456 467/467/467 468/468/468
f 457/457/457 456/456/456 468/468/468
f 457/457/457 468/468/468 469/469/469
f 470/470/470 457/457/457 469/469/469
f 458/458/458 457/457/457 470/470/470
f 460/460/460 458/458/458 470/470/470
f 465/465/465 460/460/460 470/470/470
f 471/471/471 465/465/465 470/470/470
f 472/472/472 465/465/465 471/471/471
f 466/466/466 465/465/465 472/472/472
f 473/473/473 466/466/466 472/472/472
f 473/473/473 472/472/472 474/474/474
f 473/473/473 474/474/474 475/475/475
f 476/476/476 473/473/473 475/475/475
f 477/477/477 476/476/476 475/475/475
f 454/454/454 478/478/478 467/467/467
f 478/478/478 479/479/479 467/467/467
f 467/467/467 479/479/479 468/468/468
f 468/468/468 479/479/479 480/480/480
f 481/481/481 468/468/468 480/480/480
f 469/469/469 468/468/468 481/481/481
f 482/482/482 469/469/469 481/481/481
f 482/482/482 471/471/471 469/469/469
f 471/471/471 470/470/470 469/469/469
f 482/482/482 481/481/481 480/480/480
f 477/477/477 482/482/482 480/480/480
f 477/477/477 475/475/475 482/482/482
f 475/475/475 474/474/474 482/482/482
f 474/474/474 471/471/471 482/482/482
f 474/474/474 472/472/472 471/471/471
f 483/483/483 484/484/484 485/485/485
f 486/486/486 484/484/484 483/483/483
f 487/487/487 484/484/484 486/486/486
f 487/487/487 488/488/488 484/484/484
f 487/487/487 489/489/489 488/488/488
f 490/490/490 489/489/489 487/487/487
f 491/491/491 489/489/489 490/490/490
f 491/491/491 490/490/490 492/492/492
f 491/491/491 492/492/492 493/493/493
f 491/491/491 493/493/493 494/494/494
f 483/483/483 485/485/485 495/495/495
f 496/496/496 483/483/483 495/495/495
f 496/496/496 486/486/486 483/483/483
f 490/490/490 486/486/486 496/496/496
f 490/490/490 487/487/487 486/486/486
f 495/495/495 485/485/485 497/497/497
f 495/495/495 497/497/497 498/498/498
f 499/499/499 495/495/495 498/498/498
f 499/499/499 496/496/496 495/495/495
f 500/500/500 496/496/496 499/499/499
f 500/500/500 490/490/490 496/496/496
f 492/492/492 490/490/490 500/500/500
f 492/492/492 500/500/500 493/493/493
f 500/500/500 501/501/501 493/493/493
f 493/493/493 501/501/501 502/502/502
f 493/493/493 502/502/502 503/503/503
f 493/493/493 503/503/503 494/494/494
f 503/503/503 504/504/504 494/494/494
f 503/503/503 505/505/505 504/504/504
f 503/503/503 502/502/502 505/505/505
f 502/502/502 506/506/506 505/505/505
f 506/506/506 507/507/507 505/505/505
f 498/498/498 497/497/497 508/508/508
f 498/498/498 508/508/508 509/509/509
f 498/498/498 509/509/509 510/510/510
f 498/498/498 510/510/510 511/511/511
f 512/512/512 498/498/498 511/511/511
f 499/499/499 498/498/498 512/512/512
f 499/499/499 512/512/512 501/501/501
f 500/500/500 499/499/499 501/501/501
f 512/512/512 511/511/511 507/507/507
f 506/506/506 512/512/512 507/507/507
f 501/501/501 512/512/512 506/506/506
f 501/501/501 506/506/506 502/502/502
f 513/513/513 514/514/514 515/515/515
f 515/515/515 514/514/514 516/516/516
f 515/515/515 516/516/516 517/517/517
f 518/518/518 515/515/515 517/517/517
f 518/518/518 513/513/513 515/515/515
f 519/519/519 513/513/513 518/518/518
f 520/520/520 519/519/519 518/518/518
f 521/521/521 519/519/519 520/520/520
f 522/522/522 521/521/521 520/520/520
f 523/523/523 522/522/522 520/520/520
f 524/524/524 523/523/523 520/520/520
f 524/524/524 520/520/520 525/525/525
f 526/526/526 524/524/524 525/525/525
f 516/516/516 514/514/514 527/527/527
f 516/516/516 527/527/527 528/528/528
f 517/517/517 516/516/516 528/528/528
f 517/517/517 528/528/528 529/529/529
f 530/530/530 517/517/517 529/529/529
f 518/518/518 517/517/517 530/530/530
f 520/520/520 518/518/518 530/530/530
f 525/525/525 520/520/520 530/530/530
f 531/531/531 525/525/525 530/530/530
f 532/532/532 525/525/525 531/531/531
f 526/526/526 525/525/525 532/532/532
f 533/533/533 526/526/526 532/532/532
f 533/533/533 532/532/532 534/534/534
f 533/533/533 534/534/534 535/535/535
f 536/536/536 533/533/533 535/535/535
f 537/537/537 536/536/536 535/535/535
f 514/514/514 538/538/538 527/527/527
f 538/538/538 539/539/539 527/527/527
f 527/527/527 539/539/539 528/528/528
f 528/528/528 539/539/539 540/540/540
f 541/541/541 528/528/528 540/540/540
f 529/529/529 528/528/528 541/541/541
f 542/542/542 529/529/529 541/541/541
f 542/542/542 531/531/531 529/529/529
f 531/531/531 530/530/530 529/529/529
f 542/542/542 541/541/541 540/540/540
f 537/537/537 542/542/542 540/540/540
f 537/537/537 535/535/535 542/542/542
f 535/535/535 534/534/534 542/542/542
f 534/534/534 531/531/531 542/542/542
f 534/534/534 532/532/532 531/531/531
f 543/543/543 544/544/544 545/545/545
f 546/546/546 544/544/544 543/543/543
f 547/547/547 544/544/544 546/546/546
f 547/547/547 548/548/548 544/544/544
f 547/547/547 549/549/549 548/548/548
f 550/550/550 549/549/549 547/547/547
f 551/551/551 549/549/549 550/550/550
f 551/551/551 552/552/552 549/549/549
f 553/553/553 552/552/552 551/551/551
f 554/554/554 553/553/553 551/551/551
f 543/543/543 545/545/545 555/555/555
f 556/556/556 543/543/543 555/555/555
f 556/556/556 546/546/546 543/543/543
f 557/557/557 546/546/546 556/556/556
f 557/557/557 547/547/547 546/546/546
f 557/557/557 550/550/550 547/547/547
f 551/551/551 550/550/550 557/557/557
f 551/551/551 557/557/557 558/558/558
f 559/559/559 551/551/551 558/558/558
f 554/554/554 551/551/551 559/559/559
f 554/554/554 559/559/559 560/560/560
f 554/554/554 560/560/560 561/561/561
f 561/561/561 560/560/560 562/562/562
f 560/560/560 563/563/563 562/562/562
f 555/555/555 545/545/545 564/564/564
f 555/555/555 564/564/564 565/565/565
f 566/566/566 555/555/555 565/565/565
f 566/566/566 556/556/556 555/555/555
f 567/567/567 556/556/556 566/566/566
f 567/567/567 557/557/557 556/556/556
f 558/558/558 557/557/557 567/567/567
f 558/558/558 567/567/567 568/568/568
f 560/560/560 558/558/558 568/568/568
f 559/559/559 558/558/558 560/560/560
f 565/565/565 564/564/564 569/569/569
f 565/565/565 569/569/569 570/570/570
f 565/565/565 570/570/570 571/571/571
f 565/565/565 571/571/571 572/572/572
f 573/573/573 565/565/565 572/572/572
f 566/566/566 565/565/565 573/573/573
f 566/566/566 573/573/573 574/574/574
f 567/567/567 566/566/566 574/574/574
f 567/567/567 574/574/574 568/568/568
f 568/568/568 574/574/574 575/575/575
f 568/568/568 575/575/575 576/576/576
f 568/568/568 576/576/576 577/577/577
f 560/560/560 568/568/568 577/577/577
f 560/560/560 577/577/577 563/563/563
f 577/577/577 576/576/576 563/563/563
f 576/576/576 578/578/578 563/563/563
f 576/576/576 579/579/579 578/578/578
f 573/573/573 572/572/572 580/580/580
f 581/581/581 573/573/573 580/580/580
f 574/574/574 573/573/573 581/581/581
f 574/574/574 581/581/581 575/575/575
f 575/575/575 581/581/581 579/579/579
f 576/576/576 575/575/575 579/579/579
f 581/581/581 580/580/580 579/579/579
f 582/582/582 583/583/583 584/584/584
f 582/582/582 585/585/585 583/583/583
f 585/585/585 586/586/586 583/583/583
f 583/583/583 586/586/586 587/587/587
f 584/584/584 583/583/583 587/587/587
f 584/584/584 587/587/587 588/588/588
f 588/588/588 587/587/587 589/589/589
f 588/588/588 589/589/589 590/590/590
f 590/590/590 589/589/589 591/591/591
f 592/592/592 591/591/591 589/589/589
f 593/593/593 592/592/592 589/589/589
f 593/593/593 589/589/589 594/594/594
f 595/595/595 593/593/593 594/594/594
f 582/582/582 596/596/596 585/585/585
f 596/596/596 597/597/597 585/585/585
f 585/585/585 597/597/597 586/586/586
f 597/597/597 598/598/598 586/586/586
f 586/586/586 598/598/598 599/599/599
f 586/586/586 599/599/599 587/587/587
f 587/587/587 599/599/599 589/589/589
f 594/594/594 589/589/589 599/599/599
f 600/600/600 594/594/594 599/599/599
f 601/601/601 594/594/594 600/600/600
f 595/595/595 594/594/594 601/601/601
f 602/602/602 595/595/595 601/601/601
f 602/602/602 601/601/601 603/603/603
f 602/602/602 603/603/603 604/604/604
f 605/605/605 602/602/602 604/604/604
f 606/606/606 605/605/605 604/604/604
f 607/607/607 596/596/596 582/582/582
f 608/608/608 596/596/596 607/607/607
f 608/608/608 609/609/609 596/596/596
f 609/609/609 597/597/597 596/596/596
f 609/609/609 610/610/610 597/597/597
f 597/597/597 610/610/610 611/611/611
f 597/597/597 611/611/611 598/598/598
f 612/612/612 598/598/598 611/611/611
f 612/612/612 600/600/600 598/598/598
f 600/600/600 599/599/599 598/598/598
f 608/608/608 610/610/610 609/609/609
f 613/613/613 610/610/610 608/608/608
f 613/613/613 614/614/614 610/610/610
f 614/614/614 615/615/615 610/610/610
f 610/610/610 615/615/615 616/616/616
f 610/610/610 616/616/616 611/611/611
f 617/617/617 611/611/611 616/616/616
f 612/612/612 611/611/611 617/617/617
f 618/618/618 612/612/612 617/617/617
f 618/618/618 604/604/604 612/612/612
f 604/604/604 603/603/603 612/612/612
f 603/603/603 600/600/600 612/612/612
f 603/603/603 601/601/601 600/600/600
f 617/617/617 616/616/616 615/615/615
f 619/619/619 617/617/617 615/615/615
f 620/620/620 617/617/617 619/619/619
f 620/620/620 606/606/606 617/617/617
f 606/606/606 618/618/618 617/617/617
f 606/606/606 604/604/604 618/618/618
f 621/621/621 622/622/622 623/623/623
f 624/624/624 622/622/622 621/621/621
f 624/624/624 625/625/625 622/622/622
f 626/626/626 622/622/622 625/625/625
f 626/626/626 627/627/627 622/622/622
f 627/627/627 623/623/623 622/622/622
f 628/628/628 624/624/624 621/621/621
f 629/629/629 624/624/624 628/628/628
f 629/629/629 625/625/625 624/624/624
f 625/625/625 629/629/629 630/630/630
f 625/625/625 630/630/630 631/631/631
f 631/631/631 626/626/626 625/625/625
f 632/632/632 626/626/626 631/631/631
f 632/632/632 627/627/627 626/626/626
f 628/628/628 633/633/633 629/629/629
f 633/633/633 634/634/634 629/629/629
f 629/629/629 634/634/634 635/635/635
f 635/635/635 630/630/630 629/629/629
f 630/630/630 635/635/635 636/636/636
f 636/636/636 637/637/637 630/630/630
f 638/638/638 630/630/630 637/637/637
f 630/630/630 638/638/638 639/639/639
f 639/639/639 631/631/631 630/630/630
f 631/631/631 639/639/639 640/640/640
f 641/641/641 631/631/631 640/640/640
f 631/631/631 641/641/641 632/632/632
f 642/642/642 635/635/635 634/634/634
f 643/643/643 635/635/635 642/642/642
f 635/635/635 643/643/643 636/636/636
f 644/644/644 636/636/636 643/643/643
f 644/644/644 645/645/645 636/636/636
f 637/637/637 636/636/636 645/645/645
f 637/637/637 645/645/645 638/638/638
f 646/646/646 638/638/638 645/645/645
f 646/646/646 647/647/647 638/638/638
f 639/639/639 638/638/638 647/647/647
f 647/647/647 648/648/648 639/639/639
f 648/648/648 640/640/640 639/639/639
f 643/643/643 642/642/642 649/649/649
f 643/643/643 649/649/649 650/650/650
f 650/650/650 651/651/651 643/643/643
f 643/643/643 651/651/651 644/644/644
f 644/644/644 651/651/651 652/652/652
f 652/652/652 653/653/653 644/644/644
f 645/645/645 644/644/644 653/653/653
f 645/645/645 653/653/653 646/646/646
f 654/654/654 646/646/646 653/653/653
f 646/646/646 654/654/654 655/655/655
f 647/647/647 646/646/646 655/655/655
f 647/647/647 655/655/655 656/656/656
f 656/656/656 657/657/657 647/647/647
f 647/647/647 657/657/657 648/648/648
f 651/651/651 650/650/650 658/658/658
f 658/658/658 659/659/659 651/651/651
f 659/659/659 652/652/652 651/651/651
f 652/652/652 659/659/659 660/660/660
f 660/660/660 661/661/661 652/652/652
f 653/653/653 652/652/652 661/661/661
f 653/653/653 661/661/661 654/654/654
f 662/662/662 654/654/654 661/661/661
f 654/654/654 662/662/662 663/663/663
f 663/663/663 655/655/655 654/654/654
f 655/655/655 663/663/663 664/664/664
f 664/664/664 656/656/656 655/655/655
f 659/659/659 658/658/658 665/665/665
f 665/665/665 666/666/666 659/659/659
f 666/666/666 660/660/660 659/659/659
f 660/660/660 666/666/666 667/667/667
f 667/667/667 668/668/668 660/660/660
f 661/661/661 660/660/660 668/668/668
f 661/661/661 668/668/668 662/662/662
f 669/669/669 662/662/662 668/668/668
f 662/662/662 669/669/669 670/670/670
f 670/670/670 663/663/663 662/662/662
f 663/663/663 670/670/670 671/671/671
f 671/671/671 664/664/664 663/663/663
f 666/666/666 665/665/665 672/672/672
f 672/672/672 673/673/673 666/666/666
f 673/673/673 667/667/667 666/666/666
f 667/667/667 673/673/673 674/674/674
f 674/674/674 675/675/675 667/667/667
f 668/668/668 667/667/667 675/675/675
f 668/668/668 675/675/675 669/669/669
f 676/676/676 669/669/669 675/675/675
f 669/669/669 676/676/676 677/677/677
f 677/677/677 670/670/670 669/669/669
f 670/670/670 677/677/677 678/678/678
f 678/678/678 671/671/671 670/670/670
f 673/673/673 672/672/672 679/679/679
f 679/679/679 680/680/680 673/673/673
f 680/680/680 674/674/674 673/673/673
f 681/681/681 678/678/678 677/677/677
f 677/677/677 682/682/682 681/681/681
f 682/682/682 677/677/677 676/676/676
